time,ax,ay,az,gx,gy,gz,mx,my,mz
1.4666252891074588E18,-8.143112,5.92247,0.09864807,0.1278534,-0.020202637,0.21148682,13.195038,-67.78698,1.0753632
1.4666252891276004E18,-8.069168,5.9141235,-0.0028076172,0.09046936,-0.019134521,0.29693604,13.367271,-67.78698,0.65631866
1.466625289147742E18,-7.7847595,5.8156586,-0.04647827,0.060562134,-9.765625E-4,0.3300476,13.28125,-68.04352,0.65631866
1.4666252891678835E18,-7.6450043,5.7555847,-0.06585693,0.06590271,-0.0020446777,0.29693604,13.367271,-68.30006,0.8239746
1.466625289188025E18,-7.6316833,5.6963806,0.056655884,0.09046936,-0.023406982,0.24887085,13.453293,-68.813324,0.740242
1.4666252892081667E18,-7.571518,5.692871,0.035186768,0.08299255,-0.040496826,0.22537231,13.367081,-69.24114,0.99163055
1.466625289223273E18,-7.4158783,5.7211456,-0.012252808,0.08299255,-0.060791016,0.19973755,13.453293,-69.32678,1.4104843
1.46662528924845E18,-7.3193054,5.802597,-0.03414917,0.044540405,-0.08215332,0.1687622,13.453293,-69.49787,1.3267517
1.4666252892685916E18,-7.3767853,5.876663,0.029037476,0.0370636,-0.11740112,0.12710571,13.367081,-69.75441,1.1590958
1.4666252892887332E18,-7.410507,5.8502655,-0.062072754,0.012496948,-0.11419678,0.10574341,13.194847,-70.18223,1.4104843
1.4666252893088748E18,-7.5016174,5.9103394,0.018569946,-0.015274048,-0.10992432,0.086517334,13.280869,-70.61005,1.3267517
1.4666252893290163E18,-7.5417175,5.965439,-0.0074920654,-0.049453735,-0.10458374,0.072631836,13.194847,-70.866776,1.1590958
1.466625289349158E18,-7.495743,5.957947,0.035217285,-0.06867981,-0.11740112,0.05340576,13.194847,-71.037865,1.2428284
1.4666252893692995E18,-7.5455627,6.0190735,0.026473999,-0.08149719,-0.11099243,0.032043457,13.022614,-71.123314,1.2428284
1.4666252893894413E18,-7.6114807,6.072891,-0.0011901855,-0.08683777,-0.103515625,-0.0074768066,12.85038,-71.46549,0.9077072
1.4666252894095828E18,-7.8480835,6.0652313,-0.034484863,-0.087905884,-0.08428955,-0.034179688,12.936401,-71.72203,0.9077072
1.4666252894297244E18,-8.034775,6.1688385,0.08937073,-0.071884155,-0.081085205,-0.04272461,12.678146,-71.97876,0.9077072
1.466625289449866E18,-8.113861,6.149536,0.077682495,-0.06654358,-0.0949707,-0.05126953,12.678146,-72.40658,0.9077072
1.4666252894700076E18,-8.228149,6.10701,-0.05747986,-0.088974,-0.07040405,-0.0630188,12.592125,-72.32094,1.1590958
1.466625289490149E18,-8.51886,6.1870575,-0.019927979,-0.112472534,-0.003112793,-0.08117676,12.505913,-72.06421,1.0753632
1.4666252895102907E18,-8.826111,6.3502045,0.2006836,-0.14344788,0.017181396,-0.052337646,12.505913,-72.06421,0.82416534
1.4666252895304323E18,-8.986984,6.436447,0.24861145,-0.21180725,0.00970459,-0.0769043,12.592125,-72.32094,0.740242
1.466625289550574E18,-9.173477,6.351288,0.04850769,-0.26841736,0.021453857,-0.14205933,12.592125,-72.14985,0.6565094
1.4666252895707156E18,-9.520294,6.1416473,0.090164185,-0.32502747,0.102630615,-0.18692017,12.678337,-72.23549,0.4890442
1.4666252895908572E18,-9.544205,6.177002,0.39149475,-0.35173035,0.20089722,-0.17837524,12.7643585,-72.0644,0.32157898
1.4666252896109988E18,-8.917847,6.499756,0.34754944,-0.3965912,0.3899536,-0.1612854,12.936592,-71.80767,0.32157898
1.4666252896311404E18,-8.661591,6.8878937,0.9311676,-0.49165344,0.53948975,-0.12176514,13.194847,-71.63658,0.07019043
1.466625289651282E18,-8.62207,7.3696594,1.6440277,-0.5674896,0.49249268,-0.15274048,13.453293,-71.55113,0.15392303
1.4666252896714235E18,-8.035461,7.4950714,1.603302,-0.524765,0.39102173,-0.21148682,13.539505,-71.46549,0.15392303
1.466625289691565E18,-6.7280884,7.2878876,0.79663086,-0.48310852,0.32373047,-0.3866577,13.711739,-71.037674,0.15392303
1.466625289711707E18,-6.068985,6.844269,1.4321289,-0.31861877,0.31304932,-0.55648804,14.056206,-70.780945,0.32138824
1.4666252897318484E18,-7.523468,5.915573,1.6504669,-0.2150116,0.42840576,-0.5938721,14.400673,-70.26768,0.48885345
1.46662528975199E18,-8.90033,5.304764,1.4916534,-0.24171448,0.6206665,-0.38238525,14.831352,-69.83986,0.74005127
1.4666252897721316E18,-8.236725,5.3076477,1.7519531,-0.31648254,0.7616577,-0.15060425,14.74514,-69.24095,0.74005127
1.4666252897922732E18,-7.4663544,5.6736755,2.298996,-0.30900574,0.6847534,-0.010681152,14.831352,-68.89877,1.0751724
1.4666252898124147E18,-6.648712,5.9094086,1.4814606,-0.22462463,0.44656372,0.086517334,14.831352,-68.727684,1.326561
1.4666252898325563E18,-6.1069946,5.9347687,0.8772888,-0.13383484,0.38568115,0.09613037,15.089798,-68.385506,1.9130707
1.466625289852698E18,-5.959381,5.58226,0.81243896,-0.02168274,0.3611145,0.09933472,15.175819,-68.385506,2.4158478
1.4666252898728397E18,-6.1380463,5.0500793,0.8177185,0.08192444,0.3045044,0.12069702,15.175819,-68.471146,2.9186249
1.4666252898929812E18,-6.3221893,4.5602875,0.74897766,0.12464905,0.23828125,0.13565063,14.831352,-68.471146,3.421402
1.4666252899131228E18,-6.564728,4.4635925,0.816391,0.064834595,0.2137146,0.15487671,14.659119,-68.471146,3.8404465
1.4666252899332644E18,-6.5458527,4.5068054,0.8046417,0.007156372,0.21478271,0.15594482,14.831352,-68.727875,4.6783447
1.466625289953406E18,-6.8461,4.894165,0.67726135,0.015701294,0.13253784,0.12924194,14.74514,-68.813515,5.181122
1.4666252899735475E18,-6.993622,5.171997,0.11494446,0.054153442,0.06524658,0.12176514,14.8311615,-69.07005,5.348778
1.466625289993689E18,-7.06308,5.2227325,-0.029327393,0.11503601,0.13574219,0.12069702,14.572716,-69.41223,5.5999756
1.466625290013831E18,-7.3632813,5.4463043,0.28515625,0.14173889,0.19128418,0.15487671,14.486694,-69.41223,5.683708
1.4666252900339725E18,-7.2010956,5.4764557,0.21832275,0.1769867,0.17312622,0.16769409,14.486694,-69.49768,5.683708
1.466625290054114E18,-7.0536194,5.585617,0.12327576,0.16630554,0.14962769,0.11428833,14.486694,-69.75422,5.767441
1.4666252900742556E18,-7.3528595,5.6456757,0.19256592,0.21437073,0.118652344,0.039520264,14.572716,-69.92531,5.934906
1.4666252900943972E18,-7.8530884,5.7953186,0.1434784,0.24641418,0.104766846,-0.02670288,14.400482,-70.0964,5.8511734
1.4666252901145388E18,-8.530182,6.0384674,0.28126526,0.26991272,0.104766846,-0.06088257,14.486694,-70.438576,6.102562
1.4666252901346803E18,-9.143539,6.2728577,0.2640381,0.27738953,0.09942627,-0.057678223,14.5729065,-70.609665,6.5214157
1.466625290154822E18,-9.311768,6.7002106,0.2394104,0.2122345,0.09515381,-0.04486084,14.658928,-70.26749,6.8567276
1.4666252901749637E18,-9.182159,7.0263214,0.21238708,0.1844635,0.03213501,-0.035247803,14.744949,-70.438576,7.1920395
1.4666252901951053E18,-8.753967,7.4254,-0.0980072,0.15348816,-0.03942871,-0.09613037,14.658737,-70.35313,7.3596954
1.4666252902152468E18,-8.907059,7.808502,-0.2550354,0.16416931,-0.081085205,-0.20187378,14.744759,-70.18204,7.611084
1.4666252902353884E18,-9.637466,7.932144,-0.3136444,0.18553162,-0.14196777,-0.30014038,14.830971,-70.26768,7.6950073
1.46662529025553E18,-8.722443,7.6867523,-1.1285095,0.20048523,-0.15264893,-0.28198242,15.175629,-70.09659,7.8624725
1.4666252902756716E18,-7.3218384,7.425995,-0.7902374,0.11503601,-0.16119385,-0.3364563,15.175629,-69.75441,7.6948166
1.466625290295813E18,-6.3422394,7.08873,-0.9962311,0.142807,-0.25732422,-0.45074463,15.261841,-69.41223,7.611084
1.466625290315955E18,-7.344864,6.6604156,-0.90682983,0.18019104,-0.28723145,-0.4272461,15.348053,-68.984604,7.1920395
1.4666252903360965E18,-8.265854,6.5135345,-1.2620544,0.21650696,-0.23703003,-0.21789551,15.175819,-68.55698,7.0243835
1.466625290356238E18,-8.288818,6.5366974,-1.2987366,0.21009827,-0.05758667,0.050201416,15.262032,-68.04371,7.1918488
1.4666252903763796E18,-7.7454834,6.565399,-0.7359619,0.23466492,-0.09710693,0.23498535,15.434456,-67.70153,7.108116
1.4666252903965212E18,-6.5479584,6.5013733,-0.84646606,0.25923157,-0.1643982,0.2883911,15.262222,-67.35935,7.1918488
1.4666252904166628E18,-5.671402,6.2061005,-0.57414246,0.2613678,-0.27548218,0.18371582,15.089798,-67.01717,7.0243835
1.4666252904368044E18,-5.743286,5.6727905,-0.33695984,0.2827301,-0.41433716,0.050201416,15.089798,-67.10262,6.8567276
1.466625290456946E18,-6.153061,5.1317444,-0.5226593,0.26457214,-0.49017334,-0.070495605,15.175819,-66.93153,6.6890717
1.4666252904770877E18,-6.413986,4.6997223,-0.5747528,0.26564026,-0.4805603,-0.13244629,15.175819,-67.18807,6.7728043
1.4666252904972293E18,-6.438034,4.3936462,-0.53448486,0.22398376,-0.44424438,-0.18478394,15.520477,-66.845894,6.6051483
1.466625290517371E18,-6.4624786,4.367813,-0.26986694,0.170578,-0.43569946,-0.19119263,15.606689,-66.845894,6.270027
1.4666252905375124E18,-6.709381,4.4212646,-0.15638733,0.113967896,-0.4527893,-0.18051147,15.606689,-66.760445,6.0186386
1.466625290557654E18,-7.19104,4.7792816,-0.073287964,0.048812866,-0.42929077,-0.15808105,15.778923,-66.674805,5.6835175
1.4666252905777956E18,-7.336685,5.275421,-0.13230896,-0.008865356,-0.3406372,-0.10253906,15.865135,-66.418076,5.264473
1.4666252905979372E18,-7.1615906,5.651413,-0.056121826,-0.02381897,-0.26480103,-0.09719849,15.778923,-66.0759,4.929352
1.466625290618079E18,-7.2016907,5.7017517,-0.22990417,-0.06867981,-0.23168945,-0.1260376,15.520477,-65.90481,4.4265747
1.4666252906382205E18,-7.559845,5.613098,-0.23049927,-0.1028595,-0.21139526,-0.16448975,15.520477,-65.64827,4.175377
1.466625290658362E18,-8.260895,5.7267,-0.18740845,-0.15306091,-0.15371704,-0.17196655,15.434265,-65.47718,3.7565231
1.4666252906785037E18,-8.739426,6.045349,-0.042495728,-0.18830872,-0.10458374,-0.14633179,15.434265,-65.135,3.421402
1.4666252906986452E18,-8.794495,6.2589264,0.021942139,-0.20433044,-0.03729248,-0.113220215,15.520287,-65.135,3.0862808
1.4666252907187868E18,-8.811584,6.322998,0.21386719,-0.18937683,0.018249512,-0.108947754,15.606499,-64.707375,2.7511597
1.4666252907389284E18,-8.568207,6.371048,0.24905396,-0.16267395,0.11117554,-0.108947754,15.434265,-64.536285,2.7511597
1.46662529075907E18,-9.66153,6.7233734,0.83540344,-0.17762756,0.1784668,-0.10360718,15.606689,-64.27975,2.5836945
1.4666252907792118E18,-10.771378,6.7256165,1.3718262,-0.1455841,0.1645813,0.0,15.606689,-63.93757,2.835083
1.4666252907993533E18,-10.649445,7.138031,1.1337738,-0.2363739,0.29595947,0.12283325,15.692902,-63.93757,2.499771
1.466625290819495E18,-9.277512,7.217041,1.435318,-0.24705505,0.36965942,0.15808105,15.520668,-63.93757,2.499771
1.4666252908396365E18,-7.8007813,7.041626,1.3793945,-0.15733337,0.35791016,0.090789795,15.262222,-63.59539,2.667427
1.466625290859778E18,-8.835648,6.531952,2.1846466,-0.087905884,0.3333435,-0.018157959,15.176201,-63.167572,2.9188156
1.4666252908799196E18,-9.617722,6.212631,2.3806915,-0.13169861,0.30664063,0.1751709,15.089989,-63.167572,3.0862808
1.4666252909000612E18,-8.456787,6.327301,2.3916779,-0.25559998,0.27459717,0.39413452,15.089989,-63.253212,3.0025482
1.4666252909202028E18,-7.2194824,6.363556,2.3168182,-0.24171448,0.10797119,0.46035767,15.089989,-63.50975,3.0025482
1.4666252909403446E18,-6.07106,6.0307007,1.4205475,-0.1797638,0.05456543,0.4421997,14.831734,-63.85193,2.9188156
1.4666252909604861E18,-5.479599,5.5666504,0.95791626,-0.116744995,0.19342041,0.36743164,14.487076,-63.68084,3.0864716
1.4666252909806277E18,-5.476715,4.9438934,0.980484,-0.031295776,0.28527832,0.2947998,14.400864,-63.937378,3.1702042
1.4666252910007693E18,-5.441803,4.4385986,0.8746338,0.015701294,0.41452026,0.20507813,14.3146515,-64.536095,3.2539368
1.4666252910209108E18,-5.678833,4.249283,1.0470276,0.01890564,0.43374634,0.10787964,13.969994,-64.707184,3.5051346
1.4666252910410524E18,-6.1401825,4.19104,1.1791382,0.01676941,0.347229,0.036315918,13.711548,-65.04936,3.589058
1.466625291061194E18,-6.112335,4.24765,0.83421326,0.028518677,0.34188843,-0.02243042,13.453102,-65.39154,4.0079117
1.4666252910813358E18,-6.275421,4.415619,0.8046417,0.08192444,0.41238403,-0.07797241,13.022423,-65.22045,4.510498
1.4666252911014774E18,-6.8228455,4.733444,0.7088623,0.13319397,0.5010376,-0.111083984,13.022423,-65.22045,5.013275
1.466625291121619E18,-7.3829346,5.227371,0.62609863,0.18232727,0.56726074,-0.064086914,12.936401,-65.3059,5.5160522
1.4666252911417605E18,-7.552597,5.861023,0.4124756,0.18232727,0.62387085,0.0021362305,12.936401,-65.13481,6.102562
1.466625291161902E18,-7.5162964,6.223465,-0.014663696,0.11930847,0.52667236,0.1260376,12.85038,-64.96372,6.437683
1.4666252911820436E18,-7.4186707,6.6249237,-0.0030975342,0.24214172,0.58114624,0.066223145,12.678146,-64.96372,6.772995
1.4666252912021852E18,-8.409836,6.32959,-0.052078247,0.14494324,0.513855,0.06942749,12.333679,-64.79263,7.52697
1.4666252912223268E18,-9.165634,6.2573395,-0.02078247,0.08406067,0.3814087,0.050201416,12.505913,-64.621544,8.029747
1.4666252912424686E18,-9.457169,6.325363,-0.12176514,0.0135650635,0.30130005,0.0491333,12.247467,-64.621544,8.365059
1.4666252912626102E18,-9.38324,6.52388,-0.14627075,-0.040908813,0.23400879,0.02670288,12.419701,-64.279366,8.70018
1.4666252912827517E18,-9.008575,6.843384,-0.30278015,-0.067611694,0.18380737,-0.019226074,12.161255,-64.19392,9.035301
1.4666252913079286E18,-8.153763,7.1240387,-0.50364685,-0.10179138,0.13253784,-0.20401001,11.816788,-64.27956,9.202957
1.466625291323035E18,-8.519012,7.320999,-0.43499756,-0.08576965,0.084472656,-0.30334473,11.816788,-64.3652,9.370613
1.4666252913431764E18,-8.411942,7.044571,-0.3113098,-0.006729126,0.06311035,-0.37597656,11.989021,-64.19411,9.454346
1.466625291363318E18,-7.5906525,7.5690155,-1.3682556,0.022109985,0.098358154,-0.3642273,12.333488,-63.85193,9.2868805
1.4666252913834596E18,-7.9536285,7.552414,-1.0622253,0.052017212,0.18380737,-0.33325195,12.247467,-63.5952,9.119415
1.4666252914036014E18,-8.047333,7.1596375,-1.4021606,0.07765198,0.14962769,-0.15701294,12.247467,-63.25302,9.2868805
1.466625291423743E18,-8.127502,6.722809,-1.8895874,0.007156372,0.11972046,0.061950684,11.903,-63.167572,9.203148
1.4666252914438845E18,-8.289734,6.242813,-1.7883759,-0.06867981,0.11651611,0.27130127,11.903,-62.825394,9.119415
1.466625291464026E18,-8.568176,6.2854004,-1.6948242,-0.065475464,0.07913208,0.48492432,11.903,-62.568665,9.035683
1.4666252914841677E18,-8.629211,6.221695,-1.660965,-0.05052185,0.062042236,0.6665039,11.558342,-62.483025,9.035683
1.4666252915043092E18,-7.0898743,6.192917,-1.9259949,-0.13383484,0.10583496,0.7583618,11.213875,-62.739754,9.035683
1.4666252915244508E18,-5.0861206,6.005768,-1.5895386,-0.22569275,0.016113281,0.67611694,10.7831955,-63.081932,9.035683
1.4666252915445926E18,-4.1599884,5.856949,-0.9161835,-0.23210144,-0.14944458,0.48171997,10.52475,-63.42411,8.951759
1.4666252915647342E18,-4.4216614,5.6346283,-0.9809265,-0.14237976,-0.2701416,0.2947998,10.52475,-63.76629,8.700371
1.4666252915848758E18,-5.285324,5.4682007,-1.4751892,-0.10820007,-0.2284851,0.15487671,10.266304,-64.27956,8.448982
1.4666252916050173E18,-5.8058014,5.25177,-1.260849,-0.15626526,-0.14837646,0.10360718,10.180092,-64.707184,8.281326
1.466625291625159E18,-5.7376556,5.158188,-0.8442993,-0.20219421,-0.22207642,0.09719849,9.921646,-65.04936,7.778549
1.4666252916453005E18,-5.563446,5.0383453,-0.57518005,-0.265213,-0.26586914,0.09719849,9.404945,-65.22045,7.3595047
1.466625291665442E18,-5.6510468,5.075165,-0.23138428,-0.31755066,-0.31713867,0.090789795,9.060478,-65.3059,6.94046
1.4666252916855836E18,-5.8401184,5.363739,-0.2335968,-0.30259705,-0.37374878,0.07369995,8.888245,-65.3059,6.6051483
1.4666252917057254E18,-6.3130646,5.74942,-0.43907166,-0.30259705,-0.28295898,0.07583618,8.543777,-65.39154,6.1862946
1.466625291725867E18,-7.0258484,6.296692,-0.44895935,-0.31114197,-0.25198364,0.08972168,7.9408646,-65.56263,5.683708
1.4666252917460086E18,-7.760544,6.9739227,-0.5370178,-0.27696228,-0.17294312,0.13244629,7.768631,-65.47699,5.0971985
1.4666252917661501E18,-8.1592865,7.1948547,-0.588501,-0.2716217,-0.13449097,0.12283325,7.424164,-65.64808,4.426956
1.4666252917862917E18,-8.586166,7.3618774,-0.58851624,-0.2288971,-0.027679443,0.09399414,6.9934845,-65.81917,4.091835
1.4666252918064333E18,-8.892075,7.5881653,-0.62731934,-0.21180725,0.047088623,0.035247803,6.9072723,-65.90481,3.5053253
1.4666252918265748E18,-9.364914,7.858795,-0.1703186,-0.17869568,0.07699585,-0.011749268,6.734848,-65.90481,2.9188156
1.4666252918467167E18,-9.19751,8.226746,-0.25053406,-0.17015076,0.106903076,-0.009613037,6.6488266,-65.99026,2.2485733
1.4666252918668582E18,-8.4622345,8.578735,-0.28736877,-0.16160583,0.20303345,-0.023498535,6.3041687,-65.99026,1.8295288
1.4666252918869998E18,-9.41716,8.905121,0.35443115,-0.19151306,0.30770874,-0.041656494,6.045723,-65.99026,1.4942169
1.4666252919071414E18,-9.052933,8.825897,0.26435852,-0.22035217,0.27459717,-0.05126953,5.6150436,-65.81917,1.1590958
1.466625291927283E18,-7.300461,8.605377,0.21853638,-0.2993927,0.21585083,-0.12283325,5.6150436,-65.56263,0.9914398
1.4666252919474245E18,-6.12706,7.486145,0.9075775,-0.16160583,0.13360596,-0.23925781,5.529022,-65.30609,0.9075165
1.466625291967566E18,-6.4500732,6.9621887,0.95925903,-0.07829285,0.2211914,-0.4411316,5.3567886,-65.04936,0.9075165
1.4666252919877076E18,-8.050308,6.6777954,1.484848,-0.061203003,0.23614502,-0.46676636,5.270767,-64.79282,0.65631866
1.4666252920078495E18,-9.041046,6.83342,1.8542023,-0.08683777,0.19342041,-0.27664185,4.840088,-64.621735,0.65631866
1.466625292027991E18,-8.298492,7.0361176,1.4831696,-0.18296814,0.07913208,-0.017089844,4.4956207,-64.10847,0.3211975
1.4666252920481326E18,-7.1928406,6.7190247,1.0314026,-0.19151306,0.017181396,0.16769409,4.4956207,-63.76629,-0.09765625
1.4666252920733094E18,-6.2737885,6.278824,0.7095337,-0.10072327,0.09729004,0.23284912,4.237175,-63.76629,-0.013923645
1.4666252920884157E18,-5.2006226,5.468582,0.37010193,-0.071884155,0.14962769,0.18798828,3.54805,-63.937378,-0.4327774
1.4666252921085573E18,-5.049881,4.89711,0.26109314,0.04133606,0.21051025,0.07583618,3.2896042,-63.76629,-0.93536377
1.466625292128699E18,-5.427582,4.6064606,-0.012023926,0.10542297,0.28207397,0.02456665,3.0311584,-63.50975,-1.4381409
1.4666252921488404E18,-5.831711,4.5075836,-0.064208984,0.11824036,0.32159424,-0.0010681152,2.7727127,-63.33866,-1.7734528
1.4666252921689823E18,-5.9904175,4.4078827,-0.14627075,0.09901428,0.34509277,0.039520264,2.514267,-63.33866,-2.108574
1.466625292194159E18,-5.425644,4.1241302,0.37539673,0.14601135,0.19662476,0.041656494,2.3420334,-63.42411,-2.5274277
1.4666252922092654E18,-5.550232,4.4621124,0.08822632,0.20155334,0.12612915,-0.02456665,2.256012,-63.33866,-2.6950836
1.466625292229407E18,-6.4748535,5.2413025,-0.15834045,0.21864319,0.11437988,-0.0491333,2.0837784,-63.167572,-3.1978607
1.4666252922495485E18,-7.0199127,5.957382,-0.32788086,0.20796204,0.12826538,0.045928955,2.1699905,-62.996483,-3.3655167
1.46662529226969E18,-6.716797,6.4935455,-0.43145752,0.19514465,0.16244507,0.095062256,2.1699905,-62.910843,-3.44944
1.4666252922898317E18,-6.6958466,6.735306,-0.21594238,0.20155334,0.13574219,0.06515503,2.1699905,-62.739754,-3.44944
1.4666252923099735E18,-7.41864,6.666809,-0.03831482,0.22612,0.04815674,-0.0074768066,2.2562027,-62.654114,-3.3655167
1.4666252923351503E18,-8.881836,6.8570404,-0.201828,0.24214172,-0.029815674,-0.056610107,2.1699905,-62.311935,-3.5331726
1.4666252923502566E18,-9.434906,7.169815,-0.28900146,0.24320984,-0.036224365,-0.028839111,2.4284363,-62.226486,-3.44944
1.4666252923703982E18,-9.305801,7.6306915,-0.44482422,0.2474823,-0.030883789,-0.0010681152,2.1699905,-62.140846,-3.3655167
1.4666252923905398E18,-8.645401,8.202133,-0.5789032,0.21864319,-0.06826782,-0.048065186,2.3422241,-61.71322,-3.281784
1.4666252924106813E18,-9.345306,8.768463,-0.59869385,0.19407654,-0.21780396,-0.1335144,2.1699905,-61.45649,-3.281784
1.4666252924358584E18,-9.534683,8.5785675,-1.0877838,0.20155334,-0.30004883,-0.13031006,2.1699905,-61.19995,-3.5331726
1.4666252924509645E18,-8.835342,8.877914,-1.8504333,0.089401245,-0.18362427,-0.12710571,2.1699905,-61.37104,-3.7845612
1.4666252924711063E18,-7.8545227,7.900757,-2.1654968,0.027450562,-0.024475098,-0.10360718,1.997757,-61.28559,-4.0359497
1.466625292491248E18,-5.503586,7.2813416,-2.3335876,-0.002456665,0.18914795,-0.18798828,2.083969,-61.37123,-4.371071
1.4666252925113894E18,-5.616638,7.3115997,-1.0525055,0.04347229,0.0022277832,-0.42510986,1.997757,-61.20014,-4.6224594
1.466625292531531E18,-7.7532654,6.956848,-1.1884003,0.08833313,-0.33850098,-0.39733887,2.3422241,-60.943604,-5.041504
1.4666252925516726E18,-8.722122,6.935684,-2.4025726,-0.08256531,-0.21780396,-0.061950684,2.5144577,-60.943604,-5.376625
1.4666252925718141E18,-8.356628,7.2236176,-1.3234253,-0.18083191,-0.171875,0.28518677,2.6866913,-60.601425,-5.879402
1.4666252925919557E18,-6.5691376,7.249054,-0.916214,-0.096450806,-0.3406372,0.4069519,2.8589249,-60.430336,-6.1306
1.4666252926120973E18,-5.450836,6.9651794,-1.245285,-0.02809143,-0.38549805,0.33966064,3.1173706,-60.259247,-6.465721
1.4666252926372744E18,-5.676941,5.848068,-0.832489,-0.014205933,-0.4453125,0.21469116,3.1173706,-60.259247,-6.968498
1.4666252926523807E18,-5.7268066,5.198883,-0.6466217,-0.0259552,-0.5168762,0.1751709,3.2896042,-60.002518,-7.1359634
1.4666252926725222E18,-5.4319305,4.7169952,-0.6223297,-0.055862427,-0.55960083,0.13458252,3.1173706,-60.087967,-7.722473
1.4666252926926638E18,-5.1805725,4.538452,-0.49113464,-0.05265808,-0.5863037,0.057678223,2.7729034,-60.002327,-8.308983
1.4666252927128054E18,-5.2206726,4.3300323,-0.64097595,-0.016342163,-0.54037476,-0.023498535,2.5144577,-60.173416,-8.895493
1.466625292732947E18,-5.611313,4.1243286,-0.5611725,0.0028839111,-0.46881104,-0.027770996,2.6006699,-60.344505,-9.314346
1.4666252927530885E18,-6.0911407,4.223572,-0.25411987,-0.027023315,-0.43249512,0.02243042,2.1699905,-60.601044,-9.817123
1.4666252927782656E18,-6.399719,5.0347443,0.0025482178,-0.08042908,-0.45599365,0.12710571,1.997757,-60.686493,-10.068512
1.466625292793372E18,-6.4911346,5.5453644,0.10462952,-0.07722473,-0.49551392,0.15594482,1.7393112,-60.600853,-10.3199005
1.4666252928135135E18,-6.7758484,6.14653,0.018112183,-0.02809143,-0.49978638,0.1687622,1.4808655,-60.771942,-10.822678
1.466625292833655E18,-7.282791,6.4694214,-0.1349945,0.031723022,-0.40151978,0.1335144,1.4808655,-60.94303,-11.074066
1.4666252928537966E18,-7.869156,6.6074066,-0.13601685,0.07337952,-0.2765503,0.070495605,1.3946533,-61.02867,-11.325455
1.4666252928739382E18,-8.621719,6.9239807,0.062179565,0.057357788,-0.21780396,0.008544922,1.2224197,-61.02867,-11.660576
1.4666252928940797E18,-9.522766,7.4562836,0.18006897,0.032791138,-0.21994019,-0.014953613,1.2224197,-61.02867,-11.744499
1.4666252929142213E18,-10.197723,7.890335,0.06472778,-0.0259552,-0.18255615,0.0074768066,1.4808655,-60.857582,-11.995888
1.4666252929343631E18,-9.859207,8.181046,0.173172,-0.055862427,-0.09176636,0.050201416,1.3086319,-60.686493,-12.498474
1.4666252929545047E18,-8.547379,8.352737,0.2939148,-0.056930542,0.043884277,0.043792725,1.3946533,-60.772133,-12.498474
1.4666252929746463E18,-7.346863,8.589371,0.46728516,-0.008865356,0.19342041,-0.1121521,1.5670776,-60.601044,-12.582397
1.4666252929947878E18,-8.396973,8.738281,0.9842682,0.010360718,0.21691895,-0.28198242,1.7393112,-60.344505,-12.331009
1.4666252930149294E18,-7.989044,8.129669,0.35525513,0.030654907,0.30664063,-0.3215027,2.1699905,-60.344505,-12.163353
1.466625293035071E18,-6.4365234,7.4757996,0.044784546,-0.065475464,0.38568115,-0.47958374,2.6006699,-60.087776,-11.660576
1.4666252930552125E18,-6.484329,6.7242737,0.8538513,-0.047317505,0.3119812,-0.6515503,2.7729034,-59.916687,-11.49292
1.4666252930803896E18,-9.050751,6.39859,1.5257874,-0.08576965,0.14001465,-0.64941406,3.1173706,-59.66015,-11.157799
1.466625293095496E18,-9.673386,6.640457,1.8775177,-0.14451599,0.07913208,-0.41229248,3.3758163,-59.23252,-10.738945
1.4666252931156375E18,-9.180817,7.2279205,1.7242432,-0.22996521,-0.05758667,-0.041656494,3.5482407,-58.890343,-10.571289
1.466625293135779E18,-7.6796265,7.5863953,1.2992096,-0.22996521,-0.21673584,0.16448975,3.8927078,-58.548164,-10.152245
1.4666252931559206E18,-6.247818,7.1851654,0.8435211,-0.18617249,-0.28189087,0.29052734,3.97892,-58.291435,-10.068512
1.4666252931760622E18,-5.135788,6.2785645,0.9576721,-0.11354065,-0.26800537,0.3514099,4.065132,-58.205795,-9.733391
1.4666252931962038E18,-4.43486,5.32283,1.0475311,0.053085327,-0.25732422,0.25100708,4.065132,-58.205795,-9.733391
1.4666252932213809E18,-4.873932,4.471527,0.36401367,0.29127502,-0.024475098,0.027770996,4.065132,-58.291435,-9.565735
1.4666252932364872E18,-5.4507904,4.372299,0.3095398,0.34788513,0.10903931,-0.02243042,3.8068771,-58.462524,-9.14669
1.4666252932566287E18,-5.710022,4.486908,0.37901306,0.40449524,0.17419434,-0.034179688,3.9791107,-58.719063,-8.643913
1.4666252932767703E18,-5.4616547,4.5723877,0.15942383,0.39808655,0.21798706,-0.010681152,3.9791107,-58.890152,-8.476448
1.466625293296912E18,-5.4193726,4.685547,0.28549194,0.36390686,0.21798706,0.017089844,3.720665,-59.31797,-8.308792
1.4666252933170534E18,-5.939926,4.860443,0.536438,0.36497498,0.15603638,0.02670288,3.97892,-59.40361,-7.806015
1.466625293337195E18,-6.6045227,5.149765,0.4705963,0.32118225,0.11437988,0.066223145,3.8066864,-59.40361,-7.303238
1.4666252933573366E18,-7.1345367,5.6091766,0.41304016,0.2902069,0.07165527,0.0982666,3.97892,-59.66034,-6.8006516
1.4666252933774781E18,-7.5318604,6.1908417,0.2496643,0.2613678,0.03213501,0.09185791,4.0649414,-59.66034,-6.381798
1.46662529339762E18,-7.8337708,6.49765,0.13084412,0.26670837,0.03640747,0.035247803,4.150963,-59.74579,-6.1306
1.4666252934177615E18,-8.354309,6.5269012,0.05569458,0.24961853,0.06311035,-0.05340576,4.0647507,-59.916878,-5.963135
1.466625293437903E18,-9.159195,6.5099792,0.35266113,0.21437073,0.06524658,-0.08117676,4.0647507,-60.002327,-5.376625
1.4666252934580447E18,-9.494324,6.8312836,0.25700378,0.18019104,0.05456543,-0.0769043,4.0647507,-60.002327,-4.7901154
1.4666252934781862E18,-9.189423,7.393875,-0.13903809,0.14067078,0.05029297,-0.07904053,3.9787292,-60.173416,-4.6224594
1.4666252934983278E18,-8.764053,8.0372925,-0.1341095,0.13105774,0.01184082,-0.1612854,4.0647507,-60.344505,-4.371071
1.466625293523505E18,-9.897003,8.795013,-0.28901672,0.111831665,-0.050109863,-0.27877808,3.8064957,-60.258865,-4.1196823
1.4666252935386112E18,-9.647278,8.462769,-0.715683,0.12678528,-0.052246094,-0.2104187,3.7204742,-60.258865,-3.9520264
1.4666252935587528E18,-8.092545,8.624695,-1.0771942,0.07444763,-0.06719971,-0.22964478,3.6344528,-60.173416,-3.7843704
1.4666252935788943E18,-6.08667,7.6667023,-1.5460968,0.11717224,-0.14730835,-0.2937317,3.720665,-59.831238,-3.5329819
1.466625293599036E18,-6.9134216,7.002472,-1.4476776,0.03492737,-0.13449097,-0.33538818,3.8066864,-59.74579,-3.6167145
1.4666252936191775E18,-9.782669,6.5601654,-0.64053345,0.03492737,-0.3267517,-0.0982666,3.8066864,-59.48906,-3.6167145
1.466625293639319E18,-10.144669,6.1609344,-1.3858185,-0.008865356,-0.25198364,0.3919983,3.5482407,-59.40342,-3.5329819
1.466625293664496E18,-7.8503723,6.4327087,-0.82440186,-0.08256531,-0.06826782,0.7006836,3.5482407,-59.31797,-3.7006378
1.4666252936796022E18,-6.9138794,6.320465,-0.487854,-0.030227661,-0.1579895,0.7797241,3.3758163,-59.31797,-3.7006378
1.466625293699744E18,-5.323715,6.17572,-0.8621216,-0.12635803,-0.24130249,0.7637024,3.0311584,-59.66015,-3.6169052
1.4666252937198856E18,-4.3328247,5.805771,-0.41052246,-0.12849426,-0.39404297,0.58425903,2.8587341,-59.916687,-3.6169052
1.4666252937400271E18,-4.477936,5.319153,-0.5304718,-0.09111023,-0.46240234,0.34927368,2.4280548,-60.601044,-3.8682938
1.4666252937601687E18,-5.0913696,4.634247,-0.6905823,-0.06227112,-0.26052856,0.20507813,2.169609,-60.772133,-4.1196823
1.4666252937803103E18,-5.6547394,4.529541,-0.36366272,-0.08363342,-0.14944458,0.18692017,1.8251419,-61.19995,-4.2873383
1.4666252938004518E18,-5.3848877,4.5707703,-0.12632751,-0.1519928,-0.1857605,0.21575928,1.5666962,-61.45668,-4.2873383
1.4666252938205934E18,-5.1957245,4.5396423,0.05747986,-0.18296814,-0.27441406,0.21148682,1.1360168,-61.71322,-4.2873383
1.466625293840735E18,-5.7926483,4.636032,-0.0320282,-0.21928406,-0.3053894,0.22003174,0.96378326,-62.055397,-4.4548035
1.4666252938608768E18,-6.5169067,5.0423584,0.06504822,-0.23530579,-0.26800537,0.25527954,0.70552826,-62.140846,-4.706192
1.4666252938810184E18,-6.7296143,5.684601,0.2182312,-0.23210144,-0.26800537,0.259552,0.61950684,-62.397575,-5.041313
1.46662529390116E18,-6.600342,6.2858124,0.17242432,-0.22462463,-0.24450684,0.22109985,0.3610611,-62.568665,-5.2087784
1.4666252939213015E18,-6.623398,6.6712646,0.28736877,-0.18830872,-0.24450684,0.13244629,0.016593933,-62.996292,-5.2087784
1.466625293941443E18,-7.282654,6.9717712,0.23944092,-0.15092468,-0.2210083,0.041656494,-0.15563965,-63.08174,-5.5438995
1.4666252939666202E18,-8.379166,7.5344543,0.35908508,-0.116744995,-0.13342285,-0.05126953,-0.06942749,-63.25283,-5.795288
1.4666252939817262E18,-8.920593,7.882675,0.39875793,-0.116744995,-0.047973633,-0.08224487,-0.15544891,-63.50956,-6.214142
1.466625294001868E18,-9.1393585,8.371887,0.809433,-0.11140442,0.027862549,-0.06729126,-0.24147034,-63.68065,-6.6331863
1.4666252940220096E18,-8.241791,8.743561,0.8563843,-0.08363342,0.06311035,-0.052337646,-0.069236755,-63.68065,-6.716919
1.4666252940421512E18,-8.420792,9.217117,0.9088898,-0.098587036,0.15496826,-0.10681152,-0.069236755,-63.50956,-6.6331863
1.4666252940622927E18,-9.746201,9.253174,1.5496826,-0.09965515,0.20089722,-0.17944336,0.2752304,-63.25302,-6.8008423
1.4666252940824343E18,-10.066223,9.825272,1.5326691,-0.13169861,0.21691895,-0.14419556,0.53367615,-62.739754,-6.884575
1.4666252941076114E18,-7.1275787,9.738113,1.6435852,-0.065475464,0.18273926,-0.23925781,0.6196976,-62.654305,-6.7171097
1.4666252941227174E18,-6.5829315,9.210068,1.5757751,-0.037704468,0.29595947,-0.3567505,0.5334854,-62.397575,-6.5494537
1.466625294142859E18,-8.212479,8.478821,2.3451843,-0.056930542,0.30664063,-0.35568237,0.61950684,-61.798668,-6.298256
1.4666252941630008E18,-8.622086,7.599167,2.6055298,-0.090042114,0.25109863,-0.15914917,0.61950684,-61.37104,-6.0468674
1.4666252941831424E18,-7.4530487,7.1610107,2.551712,-0.112472534,0.120788574,0.018157959,0.7917404,-61.028862,-5.879402
1.466625294203284E18,-6.111389,6.708832,1.9915161,-0.07295227,0.03213501,0.04486084,0.7917404,-61.028862,-5.7956696
1.4666252942234255E18,-5.156082,6.1424713,1.2574158,-0.034500122,0.03640747,0.025634766,0.61950684,-60.601044,-5.544281
1.466625294243567E18,-4.740341,5.4776306,0.81204224,0.008224487,0.14108276,0.013885498,0.5332947,-60.601044,-5.376816
1.4666252942637087E18,-4.542557,4.6719666,0.78460693,0.07017517,0.24255371,-0.033111572,0.44727325,-60.344315,-5.20916
1.4666252942838502E18,-4.735916,4.046417,0.6424866,0.12251282,0.36431885,-0.027770996,0.44727325,-60.173225,-5.1254272
1.4666252943039918E18,-4.993088,3.8066711,0.6871643,0.13960266,0.45724487,0.019226074,0.18882751,-60.173225,-4.9577713
1.4666252943241336E18,-5.062744,3.9189453,0.7314453,0.10649109,0.45404053,0.1121521,0.3610611,-60.002136,-4.7063828
1.4666252943442752E18,-4.990082,4.1752167,0.7078552,0.089401245,0.37927246,0.18478394,0.016593933,-59.916687,-4.538727
1.4666252943644168E18,-5.694031,4.531601,0.64086914,0.08299255,0.3333435,0.25100708,-0.15563965,-59.659958,-4.371071
1.4666252943845583E18,-6.3976593,5.135071,0.56159973,0.01676941,0.30664063,0.3791809,-0.15563965,-59.48887,-3.8682938
1.4666252944097354E18,-6.4950714,6.227051,0.5123749,-0.043045044,0.1859436,0.47103882,-0.24166107,-59.57451,-3.4492493
1.466625294429877E18,-6.2529755,6.647537,0.60032654,-0.051589966,0.09408569,0.47103882,-0.32787323,-59.57451,-3.1978607
1.466625294444983E18,-6.32695,6.6529846,0.5325775,-0.031295776,0.078063965,0.4069519,-0.41389465,-59.66015,-3.0302048
1.4666252944651249E18,-6.913162,6.5068207,0.4540558,-0.034500122,0.15176392,0.3225708,-0.3276825,-60.087967,-2.7788162
1.4666252944852664E18,-7.813751,6.8128204,0.793869,-0.037704468,0.16992188,0.23712158,-0.7583618,-60.259056,-2.6950836
1.466625294505408E18,-8.587601,7.5135956,0.68203735,-0.05479431,0.16137695,0.19546509,-0.844574,-60.515594,-2.2760391
1.4666252945255496E18,-8.572586,8.319275,0.5061035,-0.074020386,0.14001465,0.16983032,-0.75855255,-60.772324,-1.940918
1.4666252945456911E18,-7.8630524,8.948959,0.43588257,-0.0750885,0.075927734,0.056610107,-0.75855255,-61.20014,-2.108574
1.4666252945658327E18,-6.9637756,9.310654,0.38316345,-0.027023315,-0.023406982,-0.12817383,-0.8447647,-61.37123,-2.1923065
1.4666252945859743E18,-7.206314,9.417206,0.4256897,0.0231781,-0.0949707,-0.30441284,-0.75855255,-61.54232,-2.2760391
1.4666252946061158E18,-9.107422,9.598022,0.3704071,-0.020614624,-0.171875,-0.36636353,-0.75855255,-61.54232,-2.443695
1.4666252946262577E18,-8.597595,9.165726,-0.50494385,-0.031295776,-0.17401123,-0.2243042,-0.75855255,-61.37123,-2.443695
1.4666252946463992E18,-6.5211487,8.453613,-0.83688354,-0.06333923,-0.10671997,-0.24246216,-0.4140854,-61.114502,-2.443695
1.4666252946665408E18,-5.7265778,7.8816986,-0.42277527,0.01890564,-0.11526489,-0.35354614,-0.15563965,-60.857964,-2.8627396
1.4666252946866824E18,-7.781311,7.8354645,0.025344849,0.058425903,-0.24984741,-0.27023315,-0.24166107,-60.344696,-3.1978607
1.466625294706824E18,-8.813965,7.7597046,-0.118499756,0.116104126,-0.32888794,0.011749268,-0.06942749,-60.087967,-3.2815933
1.4666252947269655E18,-8.747284,7.8354645,-0.88261414,0.07017517,-0.171875,0.33432007,0.016784668,-59.40361,-3.6169052
1.466625294747107E18,-7.8054657,7.5944824,-0.36654663,0.06590271,-0.0597229,0.5628967,-0.15563965,-59.23252,-3.6169052
1.466625294767249E18,-6.197006,7.0820923,-0.39860535,0.01890564,-0.058654785,0.57144165,-0.069618225,-59.14688,-3.5331726
1.4666252947873905E18,-4.9572754,6.706894,-0.10668945,-0.033432007,-0.13342285,0.46035767,-0.069618225,-59.23233,-3.952217
1.466625294807532E18,-4.494461,6.2115784,0.19818115,-0.02809143,-0.31713867,0.24353027,-0.2418518,-59.48906,-4.0359497
1.4666252948276736E18,-4.6298523,5.6332397,-0.15048218,-0.08042908,-0.38015747,0.0982666,-0.6725311,-59.48906,-4.0359497
1.4666252948528507E18,-4.713791,4.860382,0.009887695,-0.1242218,-0.34918213,-0.028839111,-0.84495544,-59.745598,-4.1196823
1.4666252948679567E18,-4.8137665,4.5297546,-0.06375122,-0.116744995,-0.3053894,-0.09399414,-1.1032104,-59.916687,-4.371071
1.4666252948880983E18,-5.0489807,4.300827,0.100250244,-0.16374207,-0.21459961,-0.12390137,-1.1032104,-60.429955,-4.203415
1.46662529490824E18,-5.1295166,4.3553467,0.54888916,-0.19578552,-0.19857788,-0.072631836,-1.0169983,-60.258865,-4.6224594
1.4666252949283817E18,-5.154419,4.844223,0.6955261,-0.23210144,-0.26586914,0.039520264,-1.275444,-60.429955,-5.125046
1.4666252949485233E18,-5.173584,5.523773,0.90260315,-0.21180725,-0.31500244,0.12069702,-1.0169983,-60.344505,-5.292511
1.4666252949686648E18,-5.6158905,5.941986,0.90841675,-0.1381073,-0.28295898,0.09399414,-0.93078613,-60.344505,-5.5438995
1.4666252949888064E18,-6.755081,6.2675476,0.7966156,-0.114608765,-0.17294312,0.04058838,-0.75855255,-60.429955,-5.8790207
1.466625295008948E18,-7.917984,6.7697144,0.8812866,-0.14665222,-0.105651855,0.030975342,-0.6723404,-60.173416,-6.298065
1.4666252950290895E18,-8.223618,7.594406,0.7471771,-0.1947174,-0.05758667,0.05340576,-0.75855255,-60.259056,-6.381798
1.466625295049231E18,-8.149506,8.620941,0.7344208,-0.20326233,-0.013793945,0.070495605,-0.75855255,-60.259056,-6.6331863
1.4666252950693727E18,-8.20607,9.239471,0.634964,-0.18510437,0.06524658,0.027770996,-0.58631897,-60.686874,-6.716919
1.4666252950895145E18,-8.240631,9.118393,0.36572266,-0.17015076,0.22546387,-0.04699707,-0.41389465,-60.515785,-6.716919
1.466625295109656E18,-8.1635895,8.707504,0.1565857,-0.33998108,0.7680664,-0.092926025,-0.6723404,-60.686874,-6.5494537
1.4666252951297976E18,-9.708496,9.4466095,1.4293823,-0.24385071,0.31518555,-0.21575928,-0.6723404,-60.515785,-6.6331863
1.4666252951499392E18,-9.779144,10.055588,1.3713837,-0.2502594,0.09729004,-0.15487671,-0.5001068,-60.430336,-6.8008423
1.4666252951700808E18,-6.7002563,9.7464905,0.8489685,-0.29084778,0.098358154,-0.13031006,-0.15563965,-60.515785,-6.465721
1.4666252951902223E18,-4.9753265,8.9127655,1.6274261,-0.20967102,0.28207397,-0.34606934,0.016593933,-60.259056,-6.7171097
1.466625295210364E18,-7.5455475,8.191986,2.596344,-0.14344788,0.143219,-0.4496765,0.016593933,-60.002327,-6.968498
1.4666252952305057E18,-9.206482,7.7012024,2.7112274,-0.18190002,-0.045837402,-0.13458252,0.10280609,-59.57451,-6.8847656
1.4666252952506473E18,-8.006195,7.856613,2.4925842,-0.2427826,-0.1579895,0.18478394,0.18882751,-59.745598,-6.7173004
1.4666252952707889E18,-6.048691,7.893463,2.1809692,-0.19044495,-0.199646,0.27877808,0.18882751,-59.48887,-6.8847656
1.4666252952959657E18,-4.8473053,6.746582,1.4894257,-0.13169861,-0.05117798,0.3022766,0.18882751,-59.48887,-7.219887
1.466625295311072E18,-4.746277,5.9384766,1.5326691,-0.08149719,0.03427124,0.26168823,0.10280609,-59.574318,-7.052231
1.4666252953312136E18,-4.6325226,5.0343018,1.3568115,0.010360718,0.11437988,0.18157959,-0.24166107,-59.745407,-7.219696
1.4666252953513551E18,-4.5088043,4.7509766,1.0470123,0.055221558,0.20410156,0.10360718,-0.58612823,-59.916496,-6.884575
1.4666252953714967E18,-4.2961884,4.8615265,0.9141693,0.093673706,0.22225952,0.11856079,-0.6723404,-60.173225,-6.716919
1.4666252953916385E18,-4.1092834,4.8871155,0.81321716,0.13746643,0.22653198,0.117492676,-0.75855255,-60.429955,-6.716919
1.46662529541178E18,-4.336792,4.9011536,0.76942444,0.14707947,0.2137146,0.11428833,-0.93078613,-60.429955,-6.549263
1.466625295436957E18,-5.005356,5.0730743,0.77381897,0.18980408,0.22012329,0.12817383,-0.844574,-60.601044,-6.381798
1.4666252954520632E18,-5.6213684,5.4657593,0.8058319,0.18019104,0.23294067,0.14526367,-1.2752533,-60.686493,-6.0466766
1.4666252954722048E18,-5.951599,6.1640472,0.85046387,0.16096497,0.17739868,0.16448975,-1.1892319,-60.857582,-6.0466766
1.4666252954923464E18,-5.9526978,6.654022,0.99624634,0.15776062,0.09515381,0.14419556,-1.0169983,-60.943222,-5.962944
1.466625295512488E18,-6.104141,6.8392334,0.9004364,0.1566925,0.04815674,0.06088257,-0.8447647,-61.11431,-6.0466766
1.4666252955326295E18,-6.9357758,7.0506287,1.0978394,0.15989685,0.021453857,-0.014953613,-0.93097687,-61.11431,-5.962944
1.4666252955527713E18,-7.863495,7.550873,1.2644501,0.16523743,-0.056518555,-0.043792725,-1.0169983,-61.37085,-5.8792114
1.4666252955779482E18,-8.36821,8.127548,1.2070923,0.19194031,-0.14944458,-0.04058838,-1.0169983,-61.62758,-6.2143326
1.4666252955930545E18,-8.159607,8.507324,0.7248993,0.16416931,-0.18789673,-0.04058838,-1.0169983,-61.62758,-6.5494537
1.466625295613196E18,-7.4546204,8.999908,0.60588074,0.10649109,-0.23596191,-0.12283325,-0.58631897,-62.055397,-6.6331863
1.4666252956333376E18,-6.871994,9.602615,1.0345459,0.15776062,-0.4239502,-0.28411865,-0.75855255,-62.226486,-6.8008423
1.4666252956534792E18,-7.9190216,9.85643,0.7063446,0.11289978,-0.55426025,-0.4550171,-0.93078613,-62.226486,-7.1359634
1.4666252956736207E18,-7.7848053,8.727661,-0.09547424,0.0861969,-0.44958496,-0.40481567,-0.844574,-62.141037,-7.6387405
1.4666252956937626E18,-6.7014923,8.085327,0.108551025,0.010360718,-0.31607056,-0.41870117,-0.844574,-62.226486,-7.890129
1.466625295713904E18,-7.098999,8.081512,0.69989014,0.046676636,-0.38763428,-0.4902649,-0.93078613,-61.884308,-8.476639
1.4666252957340457E18,-8.774506,8.144363,0.38919067,0.058425903,-0.5414429,-0.3866577,-1.1030197,-61.62758,-8.644295
1.4666252957541873E18,-8.958023,8.768402,-0.08329773,-0.035568237,-0.4880371,0.054473877,-1.275444,-61.62758,-8.895683
1.4666252957743288E18,-8.133545,9.186111,-0.06704712,-0.05052185,-0.37695313,0.40161133,-1.4478683,-61.19976,-9.314728
1.4666252957944704E18,-6.779022,8.688217,0.12669373,7.4768066E-4,-0.32247925,0.5265808,-1.7923355,-60.943222,-9.9012375
1.466625295814612E18,-5.726486,7.5901337,0.19248962,0.062698364,-0.2487793,0.4411316,-2.2230148,-60.943222,-10.487747
1.4666252958347535E18,-5.2254333,6.3111115,0.3705597,0.10542297,-0.20819092,0.29586792,-2.8259277,-61.11431,-10.739136
1.4666252958548954E18,-4.6260834,5.5903473,0.532547,0.087265015,-0.20285034,0.18478394,-3.170395,-61.19995,-11.074257
1.466625295875037E18,-3.944336,5.475464,0.598999,0.053085327,-0.2701416,0.06729126,-3.3426285,-61.37104,-11.493111
1.4666252958951785E18,-3.796875,5.224579,0.49679565,0.042404175,-0.36947632,-0.1121521,-3.4288406,-61.19995,-11.995888
1.46662529591532E18,-4.3156586,4.850342,0.2529602,7.4768066E-4,-0.34277344,-0.18051147,-3.514862,-61.28559,-12.4147415
1.4666252959354616E18,-4.829178,4.6107635,0.34484863,-0.031295776,-0.26693726,-0.17623901,-3.773117,-61.28559,-12.498474
1.4666252959556032E18,-5.2487335,4.740265,0.46827698,-0.047317505,-0.22314453,-0.10360718,-3.773117,-61.37104,-12.498474
1.4666252959757448E18,-5.6419983,5.0661163,0.7897949,-0.0750885,-0.2071228,-0.037384033,-3.6008835,-61.2854,-12.66613
1.4666252959958866E18,-6.1303406,5.51651,0.9387512,-0.08683777,-0.2135315,0.0032043457,-3.514862,-61.19976,-12.917519
1.4666252960160282E18,-6.720932,5.98761,0.8664551,-0.08470154,-0.16653442,0.010681152,-3.42865,-61.02867,-13.168907
1.4666252960361697E18,-7.2845917,6.554535,0.8429718,-0.07829285,-0.08215332,0.0074768066,-3.6870956,-60.943222,-13.168907
1.4666252960563113E18,-7.6450043,7.2633667,0.79486084,-0.10606384,0.033203125,0.018157959,-3.773117,-60.857773,-13.336372
1.4666252960764529E18,-7.8998566,7.9677734,0.90623474,-0.11781311,0.11972046,0.02243042,-4.117584,-60.601044,-13.420105
1.4666252960965944E18,-8.32753,8.6688385,1.0896301,-0.15733337,0.1720581,-0.005340576,-4.289818,-60.344505,-13.755226
1.466625296116736E18,-8.531647,9.239639,1.299942,-0.1594696,0.18807983,-0.02456665,-4.117584,-60.002327,-13.922691
1.4666252961368776E18,-7.550461,9.304123,1.0985565,-0.118881226,0.31411743,-0.04272461,-4.2036057,-59.831238,-13.838768
1.4666252961570194E18,-8.076447,9.605301,1.659195,-0.1103363,0.4657898,-0.090789795,-4.031372,-59.40361,-13.838768
1.466625296177161E18,-9.230637,9.637466,2.5029755,-0.10606384,0.38354492,-0.20507813,-3.773117,-58.975792,-13.838768
1.4666252961973025E18,-7.837036,9.018509,1.5017853,-0.096450806,0.33013916,-0.22323608,-3.6008835,-58.890152,-13.671303
1.466625296217444E18,-5.7082214,8.059814,1.8601532,-0.098587036,0.4668579,-0.38772583,-3.6008835,-58.719063,-13.503838
1.4666252962375857E18,-6.565918,8.05777,3.0528564,-0.014205933,0.34936523,-0.57250977,-3.0841827,-58.462524,-13.587761
1.4666252962577272E18,-8.800491,8.164734,3.3718567,-0.043045044,0.075927734,-0.3930664,-2.8259277,-58.376884,-13.336563
1.4666252962778688E18,-8.577103,8.587341,2.8259888,-0.1455841,-0.07147217,-0.027770996,-2.7399063,-58.205795,-13.420486
1.4666252962980104E18,-7.153137,8.658661,2.7247925,-0.15306091,-0.14089966,0.16662598,-2.5676727,-57.863617,-13.420486
1.4666252963181522E18,-6.1743774,7.825424,2.1345215,-0.06867981,-0.12060547,0.2947998,-2.4814606,-57.606888,-13.420486
1.4666252963382938E18,-5.149933,6.4159393,1.4443665,-0.006729126,0.09301758,0.370636,-2.567482,-57.692528,-13.420486
1.4666252963584353E18,-4.6846924,5.3349304,1.7309418,0.10649109,0.13574219,0.3076172,-2.4812698,-57.17926,-13.420486
1.466625296378577E18,-4.5087433,4.8073883,1.102356,0.20796204,0.16885376,0.20187378,-2.567482,-57.09362,-13.587952
1.4666252963987185E18,-4.560089,4.7888336,0.83361816,0.26029968,0.21264648,0.1473999,-2.9119492,-56.92253,-13.420296
1.46662529641886E18,-4.421341,4.9163513,0.7299652,0.31904602,0.1998291,0.12710571,-2.9119492,-56.751442,-13.420296
1.4666252964390016E18,-4.3009796,5.0444794,0.50860596,0.36497498,0.19662476,0.10681152,-3.1702042,-56.665993,-13.001251
1.4666252964591434E18,-4.4230194,5.0090027,0.47895813,0.41090393,0.19342041,0.09185791,-3.1702042,-56.580544,-12.917519
1.466625296479285E18,-4.98645,5.11586,0.6175232,0.42692566,0.13360596,0.090789795,-3.1702042,-56.409454,-12.66613
1.4666252964994266E18,-5.577408,5.388138,0.6950989,0.42051697,0.080200195,0.13458252,-3.1702042,-56.238365,-12.331009
1.466625296519568E18,-6.0339355,5.949173,0.6565857,0.3671112,0.084472656,0.19439697,-3.42865,-56.152916,-12.247086
1.4666252965397097E18,-6.399719,6.6805725,0.8708191,0.30836487,-0.021270752,0.23605347,-3.3424377,-56.152916,-11.911964
1.4666252965598513E18,-6.6443176,7.14917,0.84742737,0.2752533,-0.12060547,0.20935059,-3.42865,-56.238365,-11.744499
1.4666252965799928E18,-7.297455,7.375656,0.82380676,0.2335968,-0.107788086,0.16448975,-3.42865,-56.152916,-11.576843
1.4666252966001344E18,-8.046051,7.614502,1.2282562,0.2122345,-0.105651855,0.14846802,-3.42865,-56.152916,-11.744499
1.4666252966253115E18,-8.353867,8.230896,1.2835999,0.17912292,-0.14303589,0.13458252,-3.42865,-56.324005,-11.577034
1.4666252966404178E18,-8.161255,8.753571,0.9619293,0.1769867,-0.12915039,0.13031006,-3.6008835,-56.666183,-11.409378
1.4666252966605594E18,-7.288788,9.557007,0.75735474,0.14494324,-0.078948975,0.014953613,-3.773117,-56.580544,-11.660767
1.466625296680701E18,-7.2126923,10.112167,1.1226196,0.23252869,-0.11206055,-0.18051147,-3.686905,-56.837082,-11.493301
1.4666252967008425E18,-9.173325,10.374512,0.8636322,0.19194031,-0.18255615,-0.2798462,-3.42865,-56.751633,-11.660957
1.466625296720984E18,-8.364288,9.775436,-0.16699219,0.14814758,-0.1302185,-0.19332886,-3.3424377,-56.409454,-11.409569
1.4666252967411256E18,-5.9674683,9.004105,-0.111343384,0.08833313,-0.10031128,-0.19012451,-3.3424377,-56.494904,-11.660957
1.4666252967612672E18,-4.431595,7.983551,-0.27870178,0.20475769,-0.08642578,-0.3300476,-3.2564163,-55.981636,-11.493301
1.466625296781409E18,-6.9562073,7.638962,0.77124023,0.27098083,-0.23168945,-0.36636353,-3.0841827,-55.553818,-11.409378
1.4666252968015506E18,-8.31749,7.418274,0.11643982,0.3030243,-0.3470459,-0.10360718,-2.9119492,-55.12619,-11.577034
1.4666252968216922E18,-8.141632,7.9533997,-0.5265503,0.21864319,-0.2348938,0.22644043,-2.8259277,-54.86965,-11.493111
1.4666252968418337E18,-7.2820435,8.276093,0.02911377,0.24534607,-0.3320923,0.47103882,-2.91214,-54.442024,-11.660576
1.4666252968619753E18,-5.673645,7.9156494,-0.71925354,0.18339539,-0.28082275,0.5393982,-3.256607,-54.356384,-11.660576
1.4666252968821169E18,-4.76947,7.0080566,-0.15145874,0.13746643,-0.2637329,0.5137634,-3.3428192,-54.356384,-11.744308
1.4666252969022584E18,-4.3636475,6.0429993,0.05406189,0.09687805,-0.39511108,0.3215027,-3.6010742,-54.442024,-11.576653
1.4666252969224003E18,-4.4491425,5.263794,-0.13587952,0.10862732,-0.4378357,0.12817383,-3.6870956,-54.613113,-11.660576
1.4666252969425418E18,-4.675461,5.0417786,-0.16897583,0.07765198,-0.35879517,0.030975342,-4.117775,-54.784203,-11.744499
1.4666252969626834E18,-4.5352783,5.094925,0.0069885254,0.060562134,-0.32461548,-0.0010681152,-4.2900085,-54.86965,-11.409378
1.466625296982825E18,-4.5290833,5.1829224,0.034729004,0.012496948,-0.27868652,0.0010681152,-4.462242,-54.86965,-11.660767
1.4666252970029665E18,-4.8276978,5.0575104,0.39341736,-0.027023315,-0.28936768,0.016021729,-4.2037964,-55.12619,-11.74469
1.466625297023108E18,-5.45076,5.4228973,0.49812317,-0.06654358,-0.29577637,0.037384033,-4.031563,-54.9551,-11.577034
1.4666252970432497E18,-6.116516,6.249893,0.60557556,-0.087905884,-0.32034302,0.08224487,-4.031563,-55.04074,-11.995888
1.4666252970684268E18,-6.202652,7.096588,0.6542053,-0.13383484,-0.3395691,0.09185791,-3.9455414,-54.86965,-12.247276
1.466625297083533E18,-6.2873077,7.4024506,0.5913696,-0.10713196,-0.3192749,0.04699707,-3.9455414,-55.12619,-12.498474
1.4666252971036746E18,-6.704605,7.6787415,0.6043854,-0.071884155,-0.22955322,-0.017089844,-3.8593292,-54.9551,-12.665939
1.4666252971238162E18,-7.3012085,7.9705963,0.7663269,-0.007797241,-0.123809814,-0.08972168,-3.6870956,-54.86965,-13.503838
1.4666252971439578E18,-7.838394,8.499115,0.79597473,0.006088257,-0.0052490234,-0.12390137,-3.6008835,-54.78401,-13.58757
1.4666252971640993E18,-7.869629,8.8858185,0.99458313,-3.2043457E-4,0.055633545,-0.15060425,-3.6008835,-54.527473,-13.755035
1.466625297184241E18,-7.4050903,9.229965,1.0113525,-0.008865356,0.051361084,-0.16021729,-3.5146713,-54.442024,-13.922691
1.4666252972043825E18,-6.633957,9.094162,0.9038086,-0.013137817,0.078063965,-0.20080566,-3.3424377,-54.185295,-13.838959
1.4666252972245243E18,-7.334015,9.303513,1.3918762,-0.05265808,0.22439575,-0.287323,-3.1702042,-53.928566,-14.006615
1.4666252972446659E18,-8.3155365,8.9509735,1.9602814,-0.07722473,0.2137146,-0.3567505,-2.825737,-53.4153,-13.839149
1.4666252972648074E18,-7.8869324,9.234009,1.0852051,-0.20433044,0.30984497,-0.36849976,-2.4812698,-53.15876,-13.587761
1.466625297284949E18,-6.216156,8.697281,1.8296967,-0.17228699,0.32052612,-0.42404175,-2.3090363,-52.559853,-13.252449
1.4666252973050906E18,-5.786499,8.210007,1.9087067,-0.14985657,0.45617676,-0.5329895,-1.9645691,-52.388763,-13.001251
1.466625297325232E18,-7.6699524,7.622772,3.06102,-0.1455841,0.4166565,-0.4763794,-1.8785477,-52.132034,-12.498474
1.4666252973453737E18,-8.044418,7.9491577,2.8116913,-0.21821594,0.2906189,-0.22964478,-1.6201019,-51.704216,-12.163353
1.4666252973655153E18,-7.659668,8.353622,2.6393585,-0.30046082,0.1368103,0.11428833,-1.275444,-51.533127,-11.995888
1.466625297385657E18,-6.600586,8.063858,1.8362122,-0.27268982,0.17739868,0.36636353,-1.0169983,-51.19095,-11.576843
1.4666252974057987E18,-5.399185,7.270355,1.2069702,-0.28657532,0.39422607,0.5180359,-0.75855255,-51.1055,-11.241722
1.4666252974259402E18,-4.6530304,6.322235,1.7904053,-0.18617249,0.44122314,0.49346924,-0.6723404,-51.01986,-11.074257
1.4666252974460818E18,-4.2201385,5.568985,1.4536743,-0.030227661,0.4038391,0.32363892,-0.5001068,-51.19095,-10.571671
1.4666252974662234E18,-4.395645,5.1402893,0.9380646,0.066970825,0.45617676,0.18157959,-0.5001068,-51.01986,-10.404015
1.466625297486365E18,-4.68338,5.176193,0.9387512,0.12571716,0.48181152,0.1260376,-0.3276825,-51.1055,-10.404015
1.466625297511542E18,-4.4234314,5.46521,0.66516113,0.2122345,0.42199707,0.11428833,-0.06942749,-51.27659,-10.320091
1.466625297526648E18,-4.549011,5.4598236,0.60409546,0.22291565,0.39849854,0.119628906,0.10280609,-51.36223,-10.068703
1.46662529754679E18,-4.931366,5.5173035,0.7280121,0.23573303,0.33441162,0.13458252,0.36125183,-51.618958,-9.649849
1.4666252975669315E18,-5.3963165,5.7208557,0.719635,0.21864319,0.27886963,0.15274048,0.18901825,-51.790047,-9.230804
1.466625297587073E18,-5.7130127,6.3750763,0.6705475,0.13746643,0.18807983,0.17944336,0.44727325,-51.961136,-8.81176
1.4666252976072146E18,-5.678787,6.957077,0.78549194,0.09901428,0.075927734,0.17623901,0.61950684,-51.961136,-8.644104
1.4666252976273562E18,-5.883774,7.349365,0.7436218,0.10221863,0.033203125,0.10467529,0.963974,-52.217865,-8.308983
1.4666252976474977E18,-6.6558533,7.4174347,0.6356964,0.11717224,0.026794434,0.005340576,1.1362076,-52.132225,-8.057594
1.4666252976676393E18,-7.6405487,7.493881,0.8270874,0.09046936,0.057769775,-0.039520264,1.0501862,-52.217865,-7.890129
1.466625297687781E18,-8.108994,7.9965057,0.98365784,0.03919983,0.049224854,-0.018157959,1.2224197,-52.474403,-7.554817
1.4666252977079227E18,-8.019409,8.603561,0.83599854,7.4768066E-4,9.1552734E-5,-0.0010681152,1.2224197,-52.388763,-7.7222824
1.4666252977280643E18,-7.3576355,8.994537,0.6130676,-0.04838562,9.1552734E-5,-0.04699707,1.4806747,-52.388763,-7.973671
1.4666252977482058E18,-6.8042755,9.267868,0.855011,-0.027023315,-0.09390259,-0.17730713,1.3946533,-52.303314,-8.308792
1.4666252977683474E18,-7.190567,9.697815,0.8857422,0.03492737,-0.19003296,-0.29159546,1.2224197,-52.388954,-8.2250595
1.4666252977884667E18,-8.798859,9.777527,0.8536072,0.066970825,-0.30004883,-0.3567505,1.1363983,-52.046776,-8.560181
1.4666252978086085E18,-8.840103,9.630386,-0.13781738,0.052017212,-0.20605469,-0.19119263,1.2224197,-51.961327,-8.644104
1.46662529782875E18,-6.261017,8.547134,-0.9434967,0.052017212,-0.078948975,-0.15594482,1.1362076,-51.790237,-8.811569
1.4666252978488916E18,-3.6540985,7.360077,-1.1159668,0.10649109,0.11437988,-0.32043457,1.0499954,-51.27697,-8.979225
1.4666252978690332E18,-4.9713135,6.9111023,0.71450806,0.23680115,-0.10244751,-0.5137634,0.96378326,-51.10588,-9.0631485
1.4666252978891748E18,-7.29303,6.7434387,0.12387085,0.36390686,-0.3053894,-0.4005432,0.7915497,-50.84915,-9.0631485
1.4666252979093164E18,-8.194214,7.190445,-0.7535553,0.2197113,-0.14196777,0.017089844,0.8775711,-50.592422,-9.147072
1.466625297929458E18,-7.744812,7.9965973,-0.011276245,0.13212585,-0.16653442,0.34713745,1.1360168,-50.506783,-9.0631485
1.466625297954635E18,-5.622757,8.357971,-0.8586731,0.06590271,-0.29577637,0.67611694,1.1360168,-50.59223,-8.81176
1.4666252979697413E18,-4.795212,8.2258,-0.8190155,0.0135650635,-0.24557495,0.6504822,0.87776184,-50.67768,-8.979225
1.466625297989883E18,-4.619034,7.5369415,-0.1088562,-0.053726196,-0.27227783,0.4624939,0.70552826,-50.67768,-9.0631485
1.4666252980100244E18,-4.9823,6.7468567,0.053466797,-0.10926819,-0.35238647,0.24139404,0.61950684,-50.84877,-9.146881
1.466625298030166E18,-5.6467133,6.254135,-0.03831482,-0.18830872,-0.3609314,0.090789795,0.44727325,-51.01986,-9.062958
1.4666252980503076E18,-5.4055786,6.058731,0.005004883,-0.25239563,-0.2701416,0.0032043457,0.5334854,-51.1055,-9.14669
1.4666252980704492E18,-5.180771,6.0345764,0.46220398,-0.2993927,-0.23703003,-0.066223145,0.36125183,-51.447678,-9.314156
1.4666252980905907E18,-5.0586395,5.9301147,0.38316345,-0.31007385,-0.23062134,-0.11428833,0.10280609,-51.447678,-9.7332
1.4666252981107325E18,-5.231064,5.8221893,0.6130676,-0.32182312,-0.17401123,-0.12176514,0.016593933,-51.447678,-10.068321
1.466625298130874E18,-5.441803,5.866333,0.7938843,-0.32929993,-0.13235474,-0.07476807,0.10261536,-51.19114,-10.31971
1.4666252981510157E18,-5.601898,6.0810547,0.84980774,-0.32502747,-0.11740112,-0.02243042,0.3610611,-51.1055,-10.571098
1.4666252981711572E18,-5.6812134,6.4557495,0.81430054,-0.31541443,-0.09176636,0.0010681152,0.27484894,-50.93441,-10.822487
1.4666252981912988E18,-5.944824,6.8129425,0.83361816,-0.29512024,-0.03729248,0.005340576,0.3610611,-50.93441,-11.073875
1.4666252982114404E18,-6.3199615,7.1279297,0.8532257,-0.2716217,0.0043640137,-0.008544922,0.27484894,-50.76332,-11.241531
1.466625298231582E18,-6.8610687,7.3992767,0.6543274,-0.2427826,0.09729004,-0.018157959,0.3610611,-50.506783,-11.241531
1.4666252982517235E18,-7.475586,7.9917145,0.65364075,-0.22676086,0.20837402,-0.02029419,0.3610611,-50.335693,-11.409187
1.4666252982718653E18,-7.567032,8.4587555,0.7054596,-0.24064636,0.2553711,0.02670288,0.44727325,-50.164604,-11.325455
1.466625298292007E18,-6.7936707,8.595795,0.5987091,-0.24705505,0.33120728,0.05126953,0.61950684,-50.164604,-11.325455
1.4666252983121485E18,-6.097946,8.561523,0.8199463,-0.20433044,0.4230652,-0.018157959,0.70552826,-50.079155,-11.157799
1.46662529833229E18,-7.6634216,9.031204,1.1831818,-0.23744202,0.37606812,-0.1335144,1.0501862,-49.993706,-10.990334
1.4666252983524316E18,-8.552948,9.094894,0.91085815,-0.28230286,0.37713623,-0.10040283,1.3084412,-49.822617,-10.906601
1.4666252983725732E18,-8.372467,9.751282,1.2728424,-0.42970276,0.43481445,-0.064086914,1.4806747,-49.822617,-10.738945
1.4666252983977503E18,-5.7854614,8.901138,0.94714355,-0.38804626,0.48608398,-0.12496948,1.6529083,-49.822617,-10.655212
1.4666252984128563E18,-5.0305023,8.414093,1.3549957,-0.38056946,0.63775635,-0.20721436,1.7391205,-49.737167,-10.152435
1.4666252984329981E18,-6.2257996,8.155899,2.9470978,-0.33891296,0.49890137,-0.2947998,1.9975662,-49.65172,-10.068703
1.4666252984531397E18,-7.712433,8.412277,3.2062683,-0.32395935,0.20730591,-0.15487671,2.0837784,-49.48063,-9.817314
1.4666252984732813E18,-7.35466,9.077927,2.7233124,-0.36454773,0.07913208,0.15167236,2.0837784,-49.13845,-9.733582
1.4666252984934228E18,-5.4709625,9.145157,2.3373108,-0.29512024,0.09088135,0.34713745,2.0837784,-48.96736,-9.733582
1.4666252985135644E18,-4.219574,8.427261,1.9700165,-0.22462463,0.16351318,0.38238525,2.1699905,-49.053,-9.649849
1.466625298533706E18,-4.3145447,7.318451,2.292572,-0.1028595,0.24682617,0.315094,2.1699905,-48.96736,-9.482384
1.4666252985538476E18,-4.8153687,6.620758,2.1763306,0.022109985,0.19662476,0.15487671,2.2562027,-48.96736,-9.314728
1.4666252985739894E18,-5.2931366,6.5181274,1.7533569,0.1000824,0.1645813,0.04486084,2.3422241,-49.05281,-9.39846
1.466625298594131E18,-4.9652405,6.8751373,1.1087952,0.17271423,0.18701172,0.0010681152,2.3422241,-49.05281,-9.230804
1.4666252986142725E18,-4.4923706,7.1551056,0.86302185,0.21330261,0.26391602,-0.029907227,2.0837784,-49.05281,-9.230804
1.466625298634414E18,-4.451065,7.0499725,0.9962311,0.2613678,0.26071167,-0.056610107,1.997757,-49.39499,-8.979416
1.4666252986545556E18,-4.7163086,6.721756,1.1278229,0.3040924,0.17312622,-0.037384033,1.8253326,-49.30935,-8.728027
1.4666252986746972E18,-5.110794,6.3081055,1.3469696,0.3179779,0.106903076,0.0010681152,1.7391205,-48.96717,-8.392715
1.4666252986948388E18,-5.4024506,6.327194,1.4250488,0.34147644,-0.030883789,0.06515503,1.7391205,-48.88172,-8.2250595
1.4666252987149804E18,-5.4955597,6.7428284,1.357132,0.39167786,-0.20498657,0.12710571,1.4806747,-48.88172,-7.973671
1.4666252987351222E18,-5.3460083,6.8200684,1.1309509,0.45576477,-0.28189087,0.15701294,1.4806747,-48.96736,-7.8899384
1.4666252987552637E18,-5.669037,6.6681366,0.92985535,0.48353577,-0.27227783,0.16235352,1.222229,-48.96736,-8.057594
1.4666252987754053E18,-5.908722,6.620758,0.7703552,0.50382996,-0.2135315,0.18692017,1.3084412,-49.05281,-8.057594
1.466625298795547E18,-6.373703,6.7365723,0.8100891,0.49101257,-0.1088562,0.21896362,1.1362076,-49.13826,-7.973671
1.4666252988156884E18,-6.5493774,6.877548,0.92793274,0.47071838,-0.060791016,0.22964478,1.0501862,-49.39499,-7.8897476
1.46662529883583E18,-6.610916,7.1271973,1.0923309,0.48246765,-0.08963013,0.1687622,1.0501862,-49.651527,-7.973671
1.4666252988559716E18,-6.7913513,7.6004944,1.3546143,0.5337372,-0.18896484,0.06942749,0.96416473,-50.079155,-8.308792
1.4666252988761132E18,-7.231308,8.256332,0.9172058,0.5145111,-0.2348938,-0.0032043457,1.0501862,-50.250244,-8.392715
1.466625298896255E18,-7.5732727,8.656143,0.6562805,0.43867493,-0.199646,-0.004272461,0.96416473,-50.335693,-8.392715
1.4666252989163965E18,-7.479019,8.550751,0.70033264,0.35643005,-0.11526489,-0.04486084,0.8779526,-50.67787,-8.476448
1.466625298936538E18,-7.3119354,8.113205,0.8253021,0.32118225,-0.083221436,-0.10467529,0.7917404,-50.76351,-8.476448
1.4666252989566797E18,-6.9843445,7.7621,1.0306702,0.32225037,-0.10992432,-0.18051147,1.1362076,-50.678062,-8.476448
1.4666252989768212E18,-6.725403,7.6789703,0.8366852,0.35108948,-0.14196777,-0.24032593,1.0499954,-50.84915,-8.644104
1.4666252989969628E18,-6.7953644,7.9949493,0.8429718,0.37779236,-0.11846924,-0.2734375,0.87776184,-50.84915,-8.811569
1.4666252990171044E18,-7.013977,7.932434,0.5523071,0.43226624,-0.05117798,-0.26489258,0.87776184,-50.763702,-8.560181
1.4666252990372462E18,-7.2088165,8.285446,0.05747986,0.43119812,0.12612915,-0.22857666,0.87776184,-50.763702,-8.560181
1.4666252990573878E18,-7.8477325,8.391052,0.31544495,0.4237213,0.19448853,-0.17623901,0.70552826,-50.849342,-8.560181
1.4666252990775293E18,-8.158127,8.252777,-0.11225891,0.3446808,0.23828125,-0.0630188,0.7917404,-50.678253,-8.2250595
1.466625299097671E18,-6.731949,7.438919,-0.7672119,0.30729675,0.28848267,0.06088257,0.8779526,-50.592613,-7.8899384
1.4666252991178125E18,-5.12619,7.222397,-1.0941162,0.17164612,0.44869995,0.10040283,0.705719,-50.592613,-7.722473
1.466625299137954E18,-4.9701843,7.493744,-0.3267212,0.21116638,0.28848267,-0.057678223,0.8779526,-50.421524,-7.219696
1.4666252991580956E18,-6.0382385,7.6055603,-0.8609314,0.18125916,0.15390015,-0.07156372,1.1363983,-50.250435,-6.9683075
1.4666252991782372E18,-6.6173553,7.905197,-1.2264252,0.006088257,0.20303345,0.13137817,1.2224197,-50.079346,-6.884575
1.466625299198379E18,-5.8516083,8.379211,-0.9962311,-0.05052185,0.15924072,0.30334473,0.96416473,-50.079346,-6.6331863
1.4666252992185206E18,-4.936264,8.532867,-0.9693451,-0.04624939,0.08340454,0.37384033,1.1363983,-49.993706,-6.298065
1.4666252992386621E18,-4.7958527,8.272079,-0.8443756,-0.0056610107,0.025726318,0.38238525,1.1363983,-49.908066,-6.214142
1.4666252992588037E18,-5.113617,7.995941,-0.7471771,0.03492737,-9.765625E-4,0.34927368,0.96416473,-50.079155,-6.4655304
1.4666252992789453E18,-5.5373077,7.931381,-0.8432617,0.07658386,-0.030883789,0.31936646,0.79193115,-50.164604,-6.4655304
1.4666252992990868E18,-5.384323,7.9340515,-1.0728607,0.10542297,-0.0052490234,0.2947998,0.53367615,-50.421143,-6.5494537
1.4666252993192284E18,-5.220291,8.079117,-1.059082,0.0861969,0.043884277,0.27023315,0.102996826,-50.76332,-6.633377
1.4666252993393702E18,-4.86528,8.019012,-1.0456848,0.08085632,0.059906006,0.26275635,-0.15525818,-51.01986,-6.633377
1.4666252993595118E18,-4.5585938,7.918762,-1.0431519,0.044540405,0.06417847,0.2381897,0.016975403,-51.362038,-6.8008423
1.4666252993796534E18,-4.584961,7.7971497,-0.9387512,0.009292603,0.06738281,0.2456665,-0.24147034,-51.447678,-6.884575
1.466625299399795E18,-4.472748,7.850601,-0.95791626,-0.031295776,0.07272339,0.26916504,-0.49991608,-51.618767,-6.7171097
1.4666252994199365E18,-4.5030365,8.027039,-0.9046936,-0.10499573,0.049224854,0.2734375,-0.49991608,-51.960945,-6.465721
1.466625299440078E18,-4.8131714,8.121033,-1.0381317,-0.15733337,0.06524658,0.2809143,-0.58612823,-52.388763,-6.5494537
1.4666252994602196E18,-5.072006,8.214157,-1.1303406,-0.2150116,0.14855957,0.29800415,-0.6723404,-52.559853,-6.716919
1.4666252994803612E18,-5.2432404,8.297028,-1.0902252,-0.2716217,0.2350769,0.3300476,-0.75855255,-52.645493,-6.549263
1.466625299500503E18,-5.0876007,8.390884,-1.0728607,-0.33036804,0.28100586,0.33218384,-0.93097687,-52.645493,-6.6329956
1.4666252995206446E18,-4.705185,8.601791,-1.074646,-0.35920715,0.31732178,0.31295776,-1.4478683,-52.303314,-6.381798
1.4666252995407862E18,-4.1668854,8.823013,-0.9109192,-0.33998108,0.291687,0.259552,-1.7063141,-52.645493,-6.381798
1.4666252995609277E18,-4.0711365,8.831696,-1.0241089,-0.31114197,0.3109131,0.17944336,-1.7063141,-52.645493,-6.381798
1.4666252995810693E18,-4.176468,8.794266,-0.7288971,-0.26841736,0.31518555,0.13244629,-1.7063141,-52.388954,-6.2143326
1.466625299601211E18,-4.154785,8.850845,-0.65138245,-0.23957825,0.27993774,0.090789795,-1.6201019,-52.132225,-6.2143326
1.4666252996213524E18,-4.208496,8.850845,-0.5436096,-0.2288971,0.24468994,0.043792725,-1.7063141,-52.303314,-5.962944
1.466625299641494E18,-4.3392334,8.850845,-0.4042511,-0.16801453,0.16778564,-0.019226074,-1.6201019,-52.303314,-5.8792114
1.4666252996616358E18,-4.7540436,8.820465,-0.52056885,-0.13169861,0.13787842,-0.1121521,-1.4476776,-52.474403,-5.6280136
1.4666252996817774E18,-5.3022766,8.703827,-0.47229004,-0.13703918,0.16564941,-0.15274048,-1.1030197,-52.559853,-5.6280136
1.466625299701919E18,-5.9097137,8.804977,-0.42147827,-0.14665222,0.1784668,-0.1965332,-1.1030197,-52.388763,-5.376625
1.466625299727096E18,-6.5209045,8.71138,-0.16395569,-0.1594696,0.078063965,-0.16021729,-1.1030197,-52.388763,-5.2928925
1.466625299742202E18,-6.092148,8.630005,-0.5374603,-0.16694641,0.098358154,-0.12283325,-1.3614655,-52.474213,-5.4603577
1.4666252997623437E18,-5.542694,8.38475,-0.76901245,-0.2086029,0.25003052,-0.11642456,-1.3614655,-52.474213,-5.376625
1.4666252997824852E18,-5.6374054,8.034454,-0.27964783,-0.18617249,0.27246094,-0.14419556,-1.3614655,-52.046585,-5.4605484
1.466625299802627E18,-5.8338013,7.69252,-0.37582397,-0.17015076,0.27886963,-0.17196655,-1.4476776,-52.046585,-5.20916
1.4666252998227686E18,-5.9378357,7.68219,-0.38523865,-0.19151306,0.29595947,-0.14099121,-1.4476776,-51.790047,-5.1252365
1.4666252998429102E18,-5.8058014,7.851013,-0.30293274,-0.18937683,0.27459717,-0.11856079,-1.5338898,-51.790047,-4.9575806
1.4666252998630518E18,-5.6543274,7.931244,-0.37091064,-0.19151306,0.2350769,-0.072631836,-1.3616562,-51.533318,-5.1252365
1.4666252998831933E18,-5.633377,7.9471283,-0.09742737,-0.18083191,0.16885376,-0.057678223,-1.1894226,-51.618958,-4.873848
1.466625299903335E18,-5.652542,7.888733,-0.05088806,-0.14772034,0.09729004,-0.039520264,-0.84495544,-51.53351,-4.7063828
1.4666252999234765E18,-5.710022,7.7971497,-0.075286865,-0.10606384,0.0524292,-0.033111572,-1.0173798,-51.27697,-4.62265
1.466625299943618E18,-5.7291718,7.8257294,-0.06689453,-0.059066772,0.015045166,-0.017089844,-0.9311676,-51.27697,-4.454994
1.46662529996376E18,-5.7456665,7.8546143,-0.17732239,-0.013137817,0.001159668,0.0032043457,-0.67272186,-51.02024,-4.62265
1.4666252999839014E18,-5.690872,7.9440155,-0.17880249,0.04988098,-0.019134521,0.02243042,-0.58670044,-51.19133,-4.62265
1.466625300004043E18,-5.7364655,7.931244,-0.20881653,0.085128784,-0.050109863,0.02456665,-0.8451462,-51.27697,-4.8740387
1.4666253000241846E18,-5.6348724,7.9128265,-0.17019653,0.11717224,-0.08001709,0.032043457,-1.0173798,-51.5337,-4.8740387
1.4666253000443261E18,-5.5759125,7.9761505,-0.2523346,0.12998962,-0.11526489,0.03845215,-1.3618469,-51.5337,-5.376625
1.4666253000644677E18,-5.6320496,8.090454,-0.268219,0.14067078,-0.15264893,0.057678223,-1.7063141,-51.70479,-5.627823
1.4666253000846093E18,-5.6142273,8.114288,-0.40022278,0.15989685,-0.14837646,0.092926025,-1.6201019,-51.961327,-5.8790207
1.4666253001047508E18,-5.5870514,8.043076,-0.4072113,0.15989685,-0.12915039,0.095062256,-1.6201019,-52.132416,-6.2978745
1.4666253001248927E18,-5.607849,7.956787,-0.37678528,0.16523743,-0.121673584,0.08117676,-1.9645691,-52.389145,-6.381607
1.4666253001450342E18,-5.7291718,7.912094,-0.33132935,0.1566925,-0.12594604,0.070495605,-2.2230148,-52.303505,-6.549263
1.4666253001651758E18,-5.6142273,8.078964,-0.33929443,0.14494324,-0.16012573,0.068359375,-2.1368027,-52.388954,-6.549263