x,y,z,s
2.18679190368e-06,2.03925746525e-07,-0.0,0.999999999998
-0.00115631486539,0.00139766343939,-0.00225891269467,0.999995803384
-0.00254100078847,0.0026558251672,-0.00449584388334,0.999983138506
-0.00406425792906,0.00423705247989,-0.00681920496119,0.999959512999
-0.00545803851715,0.00604209760303,-0.00942361861155,0.999922446135
-0.0071069026867,0.00843870984238,-0.012459794819,0.999861507222
-0.00858844856684,0.0112744257423,-0.0154572152828,0.999780076002
-0.00980354479683,0.0148963350191,-0.017861618375,0.999681425406
-0.0104370006202,0.018515384054,-0.0194999513031,0.999583914172
-0.0106656046597,0.02203020799,-0.020079576539,0.999498737077
-0.0106414049417,0.0250846666306,-0.0199929126702,0.999428738552
-0.010258240338,0.0273719595441,-0.0195631285817,0.999381222725
-0.00972153999376,0.0281697794337,-0.0183375874488,0.999387656554
-0.0087384639715,0.0280708351724,-0.0167182824002,0.999427919609
-0.00810431464297,0.0269813740208,-0.0146612217635,0.999495559828
-0.00786655646061,0.0256946118668,-0.012430405027,0.999561598523
-0.00815230285039,0.0240797614167,-0.0103126366662,0.999623606451
-0.00895280464518,0.0223810422787,-0.00853676016285,0.999672976509
-0.0106356973063,0.0200526916324,-0.0070044396964,0.999717814849
-0.0127885223619,0.0180769026008,-0.00597199207164,0.999736972708
-0.0155376685414,0.0145770926905,-0.00532622012795,0.999758831221
-0.0175426756799,0.0123571739714,-0.00549648045499,0.999754641642
-0.0197977296524,0.0104552983105,-0.00721036037206,0.999723335399
-0.0209236769945,0.00899023306112,-0.00927829171276,0.999697598653
-0.0200816649387,0.00722256991371,-0.0110674308089,0.999710994834
-0.0168260770265,0.00460795990862,-0.0124594015977,0.999770180166
-0.0121781094005,0.00236277807744,-0.0138854714472,0.99982663728
-0.00509566724894,0.0042433262422,-0.0156361233713,0.999855759599
0.00520209095197,0.0115798486882,-0.0176414627901,0.999763784173
0.0179637918653,0.0226517534662,-0.0186829088575,0.999407398994
0.0306920867676,0.0313104643894,-0.0185903758081,0.998865380598
0.0427030493824,0.0369019010298,-0.0178466734471,0.998246560485
0.0528911513829,0.0436655335758,-0.016132162423,0.997514711981
0.0630194260304,0.0526247480972,-0.013097691013,0.996537825835
0.0732589735473,0.0602003960307,-0.0103277392289,0.995440793274
0.0818354016032,0.0639340326599,-0.0101624824666,0.994541165796
0.0915684719997,0.0648237556032,-0.0112139177085,0.993623340957
0.101136080392,0.0674243453001,-0.0129822749431,0.99250033322
0.108531873844,0.07331716297,-0.0141905305651,0.991284043459
0.114006249887,0.0791785018881,-0.0151644121027,0.990203706533
0.117884819532,0.0859735432654,-0.0156975677692,0.989174052201
0.12097656428,0.0918002705457,-0.0149207257436,0.988288800486
0.123729327606,0.0955931666389,-0.0155830222752,0.987577930798
0.127829802285,0.0993026642203,-0.0171236657452,0.986663723159
0.133664157948,0.102499694679,-0.0187270300295,0.985533867413
0.139472159247,0.104178885425,-0.0205574701285,0.98451595571
0.141455735081,0.109716677177,-0.022148824724,0.98359643926
0.143548344376,0.11975473048,-0.0230265282685,0.982101041823
0.146892435827,0.125591704487,-0.0240797566605,0.980851416566
0.148797367305,0.129790927694,-0.0236307176296,0.980028187225
0.147191959625,0.132273637066,-0.020872747957,0.980001296097
0.147114708015,0.134907552041,-0.019099032596,0.979689972411
0.155195858908,0.14172372708,-0.0173122439628,0.977511594187
0.163273322236,0.140782451009,-0.0152782447902,0.97636504391
0.1632024986,0.133010963918,-0.00883015768463,0.977545424133
0.159183153773,0.12905619589,0.00038743776451,0.978777335122
0.157261992819,0.127411946219,0.00549491623774,0.979287836885
0.156669819994,0.123714119835,0.00733188545803,0.979844695609
0.149971028079,0.121335035273,0.00832323556692,0.981181544722
0.140297543361,0.118565627118,0.00917689209534,0.982941796875
0.130009723825,0.115014906306,0.0131888119654,0.984730977616
0.121463601669,0.111597291405,0.0119753337207,0.986229805574
0.113450608185,0.104738477551,0.00701970863293,0.987982557798
0.103467681815,0.100844782293,0.00169717121029,0.989505880889
0.0917434917327,0.0991652077367,-0.00340143586976,0.990826838319
0.0818738349673,0.0980195099009,-0.0072237273252,0.991784587796
0.0754168599872,0.0945844842036,-0.00992278545987,0.992606473335
0.0700145702053,0.0911488676123,-0.0109006632962,0.993313152753
0.0654518222402,0.0862356849214,-0.0114320442277,0.994056725734
0.0612509695807,0.0803801037061,-0.01166745111,0.994812157263
0.0585611171936,0.0739782511798,-0.0109870693603,0.99547832634
0.0582508507519,0.0684330941827,-0.00926082593557,0.99591063209
0.0576951903319,0.0616055536085,-0.00218775415041,0.996429242098
0.0563650871738,0.0525759827276,0.000803198346827,0.997024622495
0.0514467285648,0.048439799491,0.00142249097057,0.997499271411
0.0457564589419,0.0491118428295,0.00141031713436,0.997743646617
0.0399963883176,0.0497950762691,0.000884560647022,0.997957893327
0.0347611612475,0.0479412111973,-0.000243265259195,0.99824508151
0.0286386173923,0.0447295636403,-0.00439291685165,0.998578889228
0.0240468611834,0.044941956993,-0.0117972242856,0.998630459413
0.0238467113488,0.0490601332164,-0.0196238624229,0.998318256725
0.0260336711302,0.0591019160759,-0.0266308391731,0.997557020871
0.0325616688335,0.0783860754232,-0.0302124476369,0.995933014269
0.0453382701594,0.0972866354772,-0.0295494240263,0.993783972177
0.0540581715747,0.0996238577667,-0.0306895558003,0.993081543588
0.0685461221061,0.0968587395416,-0.0332032751841,0.992379643199
0.0834037978608,0.0948579663643,-0.0336755714111,0.991419047936
0.0965093821792,0.0957453648846,-0.0306161366784,0.990243109761
0.106068911305,0.103660025875,-0.0263404012825,0.988589990011
0.114544968838,0.113525980094,-0.0235505532835,0.986628944131
0.120620546556,0.123864018138,-0.0241685863674,0.984644234326
0.125877638394,0.132835942189,-0.0269396020542,0.982742942206
0.131105809124,0.141053763993,-0.0300763856623,0.980821346374
0.13714331076,0.154052076699,-0.0320945363716,0.977972193221
0.139150488856,0.162041305851,-0.0325003408787,0.976382857537
0.139150277109,0.170816362179,-0.0319496400448,0.974904195956
0.138105152558,0.176033268836,-0.0312398396016,0.974147487561
0.136158770098,0.179230651318,-0.031650172269,0.973825153479
0.132824025084,0.181949397746,-0.0321565659228,0.973764935849
0.127660845901,0.183701177334,-0.0329302378699,0.974100705935
0.125455277763,0.183555263334,-0.0349489783965,0.97434439881
0.131396180993,0.18623180003,-0.0349375528997,0.973052993251
0.138735510532,0.182357953165,-0.0354063206941,0.972750958617
0.140248847963,0.183714077935,-0.0318899796268,0.972400343178
0.151076232916,0.188710521439,-0.0286093543232,0.969920520348
0.172782650235,0.180924752278,-0.0287810782237,0.967772720905
0.184636011554,0.173707457759,-0.0279480896737,0.966930280134
0.181735266055,0.171614272659,-0.0288760231124,0.967825919151
0.171611178672,0.172997784673,-0.0306348722974,0.969372412674
0.16594370242,0.183004741955,-0.0264639710784,0.968644212435
0.161371401596,0.188882045371,-0.0209449010221,0.968423541022
0.151082981571,0.181601089325,-0.0133228174177,0.97160561936
0.137824558547,0.172182980309,-0.00833073200201,0.97533994651
0.126618457486,0.165847058079,-0.00802004959547,0.977956133145
0.119890715959,0.15595956885,-0.00922436348907,0.98041712563
0.107096149218,0.144197400397,-0.0169403687401,0.983590640688
0.0984086935757,0.138111608461,-0.0223619680492,0.985261820544
0.08710207187,0.130738009424,-0.0279875540593,0.987186658533
0.0771880245166,0.122797245753,-0.030846424009,0.988944560343
0.0703838216982,0.11463046223,-0.0315439310319,0.99040948864
0.0644011557204,0.106706640317,-0.0296438671022,0.991759761836
0.0572965063643,0.0994248728777,-0.0260178891654,0.993053308969
0.0523414689941,0.0914516503285,-0.0221770271225,0.994185669653
0.0507000577749,0.0824714104977,-0.0181922466757,0.995136680438
0.0493248494798,0.0744168797778,-0.0121473322182,0.995932542669
0.0493905240642,0.064571565086,-0.00614697920851,0.99667111113
0.0486262684051,0.0535404651419,-0.00382082672542,0.997373704234
0.0454520347924,0.0465366441426,-0.00450069784596,0.997871833957
0.0416213875549,0.0428200353496,-0.00622832445772,0.998196029167
0.0374624747029,0.041821950963,-0.00759065406431,0.9983936445
0.0342535490871,0.0383116343467,-0.00875342036115,0.998640220841
0.0300002364648,0.0332093456171,-0.0115468065185,0.998931327187
0.0261798682559,0.0321193114151,-0.0167621189453,0.999000498349
0.0268848811433,0.0352158784372,-0.0231383573676,0.998750049557
0.0298695629527,0.0454861528988,-0.0288325174036,0.998101951227
0.0381194697363,0.0628160373271,-0.0320355737167,0.996782209662
0.0483881941222,0.0784586182193,-0.0333388147131,0.995184079118
0.0592580165527,0.0875261824879,-0.0346378679545,0.993794683502
0.0739498782166,0.0892357241548,-0.0370535533688,0.992570116027
0.0893071137482,0.0916311282715,-0.0349738690056,0.991163359014
0.102998106822,0.0960227195953,-0.0288871242485,0.989614349818
0.114917905333,0.105900540793,-0.0215731604092,0.987478379127
0.12310682696,0.118475415406,-0.0166890494266,0.985154688731
0.128869693138,0.131349358642,-0.0156460996653,0.982799647812
0.131197536647,0.140356441283,-0.0170576852849,0.981221846037
0.134139634671,0.15535115404,-0.019660620602,0.97851215493
0.137219374013,0.169146773728,-0.0206437219406,0.975773564449
0.138034248537,0.184073910245,-0.0214588302679,0.972935177903
0.138932827366,0.193405208366,-0.023798834339,0.970940631728
0.140529281917,0.197327340032,-0.0274943847528,0.969823437852
0.141932136725,0.200200498037,-0.0306324827563,0.968935849347
0.140028038512,0.203166221845,-0.0336651430936,0.968494859497
0.133267797211,0.203531951458,-0.0392144692978,0.969162867819
0.1351627561,0.205588510202,-0.0388248181689,0.968481815694
0.138144200744,0.20928796587,-0.0354548463143,0.967397374927
0.140315596756,0.210817336234,-0.0313734365501,0.966893629894
0.144209492898,0.214340441978,-0.027721672563,0.965656929743
0.164346273457,0.214487698941,-0.0253166684233,0.962467867362
0.18509928343,0.210961479003,-0.0255252493794,0.95946963021
0.190401124725,0.204751963826,-0.0261701363626,0.95975995383
0.180817568432,0.201585433865,-0.0307364140439,0.962145307452
0.167331514075,0.206145509591,-0.0322084572521,0.963569825469
0.163034530296,0.213251872356,-0.0252236170289,0.962967886283
0.162682430464,0.207072386634,-0.0204007308592,0.964489120567
0.153240155336,0.188977724779,-0.0150259164267,0.969834571546
0.138160292228,0.178525253218,-0.0136054090472,0.974092069806
0.128715240697,0.166755141511,-0.0145983460351,0.97745178801
0.123845349598,0.157837383084,-0.0167885756924,0.979524289444
0.113979445531,0.14749210752,-0.0223510650328,0.982219524398
0.102731426553,0.137482354918,-0.0277951800936,0.984770168135
0.0927311753748,0.127487315842,-0.0326371814843,0.986956294776
0.0864762303113,0.118700330851,-0.0346039470144,0.988551799299
0.082533551176,0.111290127186,-0.0335814803951,0.989785332633
0.0784992840866,0.106634398506,-0.0292782433989,0.990762207554
0.0739235037758,0.100165170228,-0.0240997579661,0.991928150588
0.069098374858,0.092942957937,-0.0193748403002,0.993081888227
0.0647159992104,0.0857386286657,-0.0133123553633,0.994124493308
0.0624267653627,0.0770589229092,-0.00762213754494,0.995041066683
0.0607155354827,0.0671299320061,-0.00544882040105,0.995880267068
0.0583322175429,0.0590366678714,-0.00553674081084,0.996534680151
0.0553885464718,0.0547351077719,-0.00735422708787,0.996936353154
0.050917890497,0.052282536358,-0.00869351283647,0.997295506685
0.0458990757399,0.0486299554493,-0.0104648571998,0.997706815173
0.0393873758771,0.0480347783338,-0.015492591983,0.997948532884
0.0344661911322,0.0498100118925,-0.02227754474,0.997915204506
0.0328822706433,0.053817790442,-0.028865330745,0.997591697234
0.034180891835,0.0610430099722,-0.0347167704383,0.996945416468
0.0361513288344,0.0760060041258,-0.0385968853562,0.995703996779
0.0460419736551,0.0899341828032,-0.0397423007907,0.994088793294
0.0522426937404,0.0963513579521,-0.0405932762227,0.993146163813
0.0629617190466,0.0997915234383,-0.0423305523888,0.992111686313
0.0753764732625,0.102730566433,-0.0421182541103,0.990954525026
0.087719289982,0.103071061174,-0.037863783858,0.990074752928
0.0978447642021,0.108033476596,-0.0315529549242,0.988817263749
0.106022032029,0.118362624004,-0.0258714545148,0.986955057642
0.113276234943,0.127306676232,-0.0246521246802,0.985065367137
0.120321309884,0.131831643445,-0.0261738637541,0.983594494205
0.127650646149,0.136568394739,-0.0277695682451,0.981979244779
0.13315145986,0.144157137347,-0.0277815210947,0.980162025165
0.135537811993,0.153179683486,-0.0272103444759,0.978481008114
0.13778310433,0.158821107135,-0.0279663036668,0.977245904544
0.139670534275,0.161450174587,-0.0303239808695,0.97647654307
0.141780716273,0.161867944639,-0.0338916243156,0.975985837393
0.142693397236,0.160551415209,-0.0370766780494,0.975954485314
0.144041286466,0.161130417568,-0.0394145046594,0.975569368702
0.150613162688,0.167458867943,-0.037148418327,0.973598067884
0.157558565885,0.166773051662,-0.0361261110102,0.972654590108
0.157417327587,0.166242898418,-0.0325029828174,0.972896006677
0.156272987348,0.172785510575,-0.0282029682768,0.972074335296
0.157913275257,0.181458964963,-0.0274123920744,0.970249762841
0.164116251393,0.189097546433,-0.0280399624961,0.967740530548
0.177616524163,0.190892189738,-0.0306670121361,0.964920761829
0.17902513527,0.185736435119,-0.0289993410754,0.965717875898
0.167288091269,0.185451748816,-0.0221200539099,0.968056324082
0.154816606682,0.19338909372,-0.0171734330475,0.968678248916
0.154431052831,0.197174914427,-0.0120052258853,0.968054222445
0.154419612751,0.191293122637,-0.0112336361967,0.969244721341
0.141030268251,0.183532026124,-0.0105899671151,0.972786878725
0.12284887052,0.180692075891,-0.00506143584205,0.975824221153
0.114715410966,0.171547258977,-0.0026260027312,0.978470754052
0.109322023336,0.156345325393,-0.00768137874197,0.98160370357
0.100829955899,0.144477169635,-0.0152211515417,0.984239800045
0.0885609971972,0.134955064874,-0.022508752528,0.986629330752
0.0774161991385,0.128044855187,-0.0270082494188,0.988373310867
0.0675255918898,0.120007570531,-0.0287749430539,0.990055796462
0.0602988729327,0.114974152116,-0.0263629444511,0.991186150745
0.0538615115186,0.107549159107,-0.0232261889647,0.992467964268
0.0466184788846,0.100493106977,-0.0197521400378,0.993648683308
0.0398959413537,0.0928518013808,-0.0154799628131,0.994759884392
0.0369227539892,0.082983781944,-0.00818628831163,0.995833011531
0.0377911750782,0.069869046081,-0.000846594156459,0.996839719696
0.0389798508036,0.0545715580416,0.00267611237518,0.997745135146
0.0371400746246,0.0446783177349,-0.00112549178512,0.998310170262
0.0359261652494,0.0420915319425,-0.00416571919552,0.998458942758
0.0336917204,0.0416679573247,-0.0079439176536,0.998531693779
0.0323446680767,0.0389366544138,-0.0114818955692,0.998652054253
0.0304482992656,0.0389142103615,-0.0181725453728,0.998613210356
0.0295448751195,0.0429513701021,-0.0264855468517,0.998288934111
0.0323654113001,0.0531187683332,-0.0340855852028,0.99748135295
0.0398436955428,0.0741759100491,-0.0363952340063,0.995784013346
0.0497121293997,0.0882321566342,-0.0354524211558,0.994226793323
0.0609335277019,0.0955517108449,-0.0369102917178,0.992871898143
0.0758090670873,0.0954417797932,-0.0401046797354,0.991733566378
0.0908279224433,0.0948265290358,-0.0404090854757,0.990517704893
0.103056698107,0.0959661730347,-0.0375063623503,0.989324559177
0.114035474015,0.10154354105,-0.0326568665737,0.987733946467
0.122153158125,0.111195581023,-0.0292648507721,0.985828442088
0.12876998237,0.120663760349,-0.0283660399319,0.983897309864
0.133511700694,0.127990825027,-0.0289052813484,0.982322482282
0.135893902235,0.136219589979,-0.0290732771552,0.980883181218
0.13698720072,0.147003409343,-0.0291607521252,0.979170135888
0.13603255183,0.159114090184,-0.0289186790356,0.977415756549
0.135708752524,0.168233216587,-0.0288186038802,0.97593555494
0.137525678508,0.173826873335,-0.0298706582747,0.974668481911
0.140151814007,0.177725906409,-0.0313436541319,0.97354432183
0.141845986336,0.179547947629,-0.0360404604836,0.972801796807
0.143347070304,0.179505748328,-0.0408975266353,0.972397396165
0.147692333868,0.181238606907,-0.0386416992831,0.971517555662
0.151231422841,0.179665810177,-0.0357376866482,0.971376379758
0.154296583863,0.18102513153,-0.031531115343,0.970787440549
0.158746034448,0.181486176605,-0.0310430959614,0.969999376516
0.16663558848,0.185318326046,-0.0340743269086,0.967847425439
0.176198225895,0.181401420886,-0.0355773630024,0.9668412284
0.178529131994,0.175960279821,-0.0327256559933,0.967519695094
0.168353780671,0.175040173193,-0.0302254787352,0.969589790962
0.16029338155,0.184664829864,-0.0239631077673,0.969345501825
0.160762335143,0.195780294194,-0.017334929459,0.967225438161
0.157258995384,0.194126771799,-0.0155050844937,0.968165273699
0.145840548831,0.184279521298,-0.016162979691,0.971859223568
0.122174895655,0.182320952325,-0.00879425337638,0.975579328565
0.114568227964,0.180743911176,-0.00663030117871,0.976812059109
0.109970192542,0.17234585792,-0.00713072907323,0.978852703277
0.101320020724,0.164848066541,-0.00975175008836,0.981052634535
0.0889017313914,0.158122699233,-0.0135462484535,0.983315917341
0.0774987722296,0.150836027847,-0.0169830766047,0.985369985394
0.0675976031976,0.142877882541,-0.018363714801,0.987258450813
0.0585909075082,0.135730798749,-0.017818934137,0.988851223094
0.0502225162362,0.130541539208,-0.0143019165041,0.99006669502
0.046180137461,0.122676170438,-0.00991629235247,0.99132215715
0.0436763563238,0.113482351038,-0.00674846243216,0.992556592924
0.0423131886814,0.102092545104,-0.00364566212916,0.993867906437
0.0419582899549,0.0928276851966,0.00166415337293,0.994796337628
0.0431112679484,0.0833813315261,0.00535481429062,0.995570338094
0.0430829174301,0.0745100198437,0.00546302076458,0.99627419648
0.0410840342892,0.0715106152771,0.00268812893921,0.996589739056
0.0385150983935,0.0709280784989,0.000128840377215,0.996737567405
0.0365546265874,0.0687689230226,-0.00226482594075,0.996960112073
0.0365133854668,0.0628293798877,-0.00495142368081,0.997343834948
0.0343364769443,0.0590279878725,-0.00996998363011,0.997615809029
0.0349642473366,0.0607305278163,-0.0174292237541,0.997389355547
0.0394406766701,0.0694841436851,-0.0254782414629,0.996477418717
0.0453211125934,0.0841948901396,-0.0303513490591,0.994955281828
0.0608008488824,0.107872015162,-0.0306090796104,0.991831623495
0.0753040977473,0.10855745181,-0.0321641089817,0.990711886783
0.0913628854642,0.0992090729499,-0.0361920373653,0.990202261882
0.105189131994,0.0925802776128,-0.0396455739587,0.989339358953
0.115418023827,0.096550771944,-0.0392287891382,0.987834869963
0.123283092484,0.112628192362,-0.0352973192522,0.985327493094
0.126989490029,0.132014237483,-0.0281353947802,0.98267711385
0.130721458475,0.147285076424,-0.0218411797473,0.980174458667
0.132464068346,0.161861600384,-0.0192806637278,0.97769235904
0.132384080221,0.175846101407,-0.0188876469073,0.97529270515
0.130683828317,0.186121283334,-0.0218289678384,0.973552310392
0.128174635616,0.195891322813,-0.0244424783553,0.971905560064
0.126682771716,0.210253673052,-0.0239702309752,0.969107990033
0.128577748336,0.224128539416,-0.0248701693068,0.965720267536
0.12988249279,0.234707307466,-0.0282928914586,0.962934333265
0.126733747662,0.237238422253,-0.0343439246958,0.962536743739
0.123683690306,0.238082101179,-0.0374175092407,0.962610610711
0.125011578044,0.242780476428,-0.0353497719021,0.961342883287
0.129498431382,0.245697728456,-0.0331033618469,0.960086949154
0.133156961897,0.250367876612,-0.0303736884462,0.958468877382
0.137684180165,0.253484678793,-0.0288787981235,0.957055170389
0.150548061578,0.255493563241,-0.0284385208514,0.95459392981
0.162787752325,0.247680373653,-0.0291051497489,0.954624256165
0.165778069279,0.240048145302,-0.0292316419331,0.956054407862
0.154870995652,0.236689110472,-0.033554376439,0.958575684811
0.143916952387,0.248719752453,-0.0327873346666,0.957262443764
0.143619858634,0.259540366862,-0.0284067036442,0.954570685367
0.141305078047,0.258060225972,-0.0264800808964,0.955372492803
0.129094039283,0.246940629735,-0.0231788882747,0.960113427438
0.111970874704,0.245265093384,-0.0188741073236,0.96278311434
0.104739546159,0.240457548712,-0.0176647212843,0.964830426738
0.098166024641,0.231348135846,-0.0194984802429,0.967709295664
0.0877934871275,0.224151922451,-0.0228588792157,0.970322467492
0.0758860662398,0.218185358381,-0.0260449263836,0.972603781685
0.0644017428298,0.212251427361,-0.0274826231514,0.974703263834
0.054473158538,0.205726958645,-0.0278494286167,0.976695194424
0.0448738932785,0.19999127656,-0.0252831171651,0.978442940078
0.0367488274668,0.194157542022,-0.0207875957077,0.980061349315
0.0321507479857,0.186785345751,-0.0174443908225,0.981719541033
0.0313303165429,0.176522418386,-0.0151063215127,0.983681882583
0.0320730387031,0.164962882499,-0.0112103460808,0.985714408805
0.0332995067217,0.153370327815,-0.00628153699688,0.987587579757
0.0339014281495,0.142696684599,-0.0019853842271,0.989183707722
0.0323962630721,0.135093377059,-0.00159610861804,0.990301829773
0.0292083035416,0.131647703456,-0.00270863408019,0.990862462949
0.0254913337711,0.128667624274,-0.00518077415728,0.991346555926
0.0227631122405,0.122994762608,-0.00892616888253,0.992106069229
0.0196074475793,0.115952290902,-0.0142012034087,0.992959687024
0.0162243125123,0.113169110226,-0.0219350478954,0.993201076242
0.0173251217636,0.114165977216,-0.0315444834745,0.992809606805
0.0223375706792,0.126045163627,-0.0410085891236,0.990924792949
0.0343506269449,0.143826935281,-0.0471548326778,0.987881707934
0.0479372813913,0.152398571942,-0.0481996169793,0.985978442587
0.0643282388442,0.143885071043,-0.0512001719754,0.986173162486
0.0805000454037,0.130658579142,-0.0562743733935,0.98655018792
0.0950205444208,0.119869487857,-0.0598987298042,0.986414995926
0.106425576876,0.120862484797,-0.0572058428702,0.985288459232
0.116082980863,0.129759697818,-0.0518590219671,0.983360465047
0.124110045628,0.137500751744,-0.0459730164781,0.981619438275
0.128664358833,0.143375634973,-0.043592867803,0.980300245812
0.129504497315,0.149583700013,-0.0433380492083,0.979272748195
0.128468580275,0.15504227734,-0.0437547001243,0.978541385091
0.12754800624,0.159703518746,-0.0448572373142,0.977862015043
0.126915388388,0.164243495642,-0.0454936932566,0.977162669264
0.126164043413,0.169665215479,-0.0460434553178,0.976307507412
0.125888168329,0.176309520405,-0.0466791676442,0.975134953428
0.124735244712,0.181542696268,-0.0472110937885,0.974296916131
0.123429720391,0.181114721627,-0.0490175120013,0.974453613699
0.127174838969,0.183646397129,-0.0481327928863,0.97354188169
0.13105699634,0.18114203107,-0.048823678207,0.973461800348
0.135030152034,0.178966379923,-0.0482590763751,0.973349348614
0.140651954562,0.179978147815,-0.0483629435919,0.972361002753
0.147454951317,0.184579281158,-0.0477035386578,0.970521457104
0.159110846864,0.182745948053,-0.0444473057852,0.969181146065
0.164765809658,0.174658770887,-0.0379446432667,0.970003477194
0.165080952429,0.169036476386,-0.0329124066268,0.971129096612
0.165516213503,0.159464362764,-0.0345991933718,0.972614207121
0.161389393529,0.154876207819,-0.0365324882653,0.973977515762
0.154767043876,0.156126620766,-0.0320640089896,0.975009507516
0.148135767652,0.156932203274,-0.0275656073781,0.976047240254
0.139952047432,0.15184235879,-0.022112745199,0.978196477706
0.130751554782,0.138979043865,-0.0200247836343,0.981421349028
0.119547222448,0.131145326413,-0.0210449328915,0.983903692322
0.111938591703,0.119785721581,-0.0232201347343,0.986195699613
0.104564397647,0.109816676154,-0.0271974587342,0.988062185605
0.094695616696,0.10148480731,-0.0313962340629,0.989822130764
0.0840460794548,0.0940555753567,-0.0347383560175,0.991404585371
0.0738517685805,0.086925617794,-0.0354350251574,0.992841483944
0.0654766336096,0.077959661433,-0.0353080227479,0.994177270496
0.057325163,0.0692857635933,-0.0339948509032,0.995368102142
0.0514482382229,0.0604138989419,-0.0314070494107,0.996351763608
0.0508428746453,0.0491957086069,-0.0289279555889,0.997074700179
0.0520376624739,0.0380690993066,-0.0254482671215,0.997594712828
0.0535955483752,0.0258126580813,-0.020604883993,0.99801636391
0.0540592518975,0.0160994806978,-0.014397471462,0.998304120407
0.0528650833229,0.00692733868191,-0.0110528633821,0.998516464138
0.0513044911363,0.00306459726751,-0.0119343010253,0.998607044784
0.048199003506,0.0011624702129,-0.0155030255751,0.998716757105
0.045644591406,-0.00174724337538,-0.0197986222354,0.998759997684
0.0429449190066,-0.00438766065001,-0.0263852970025,0.998719329175
0.0417302024474,-0.00478633316711,-0.035900728975,0.998472242417
0.0438998994753,-0.00246776735727,-0.0452677386482,0.998006783939
0.051101796979,0.00660252275011,-0.0525676217962,0.997287149309
0.0622999082128,0.0235798034299,-0.0545771074596,0.996285126682
0.0752062911282,0.0358240474396,-0.051659837887,0.995184361086
0.0875088828319,0.0356815499743,-0.0506806228592,0.994233622889
0.100712363786,0.0311254527408,-0.0524145604303,0.993046292892
0.112586967528,0.0281966272312,-0.0543694908779,0.991752531339
0.122938423805,0.0296507325565,-0.0518333790346,0.990616110726
0.132175851535,0.0366345706521,-0.0464050630921,0.989461481122
0.139279637062,0.0457527062263,-0.0412227966427,0.988336255335
0.144915066612,0.0535411938915,-0.0399246045109,0.987187413808
0.147404382835,0.0607124233954,-0.0406302733029,0.986374741393
0.147854792569,0.0681481570317,-0.0413548461136,0.985791339843
0.149000192738,0.0753285033788,-0.0408307671177,0.985117966337
0.150329972339,0.0814638862335,-0.0405986459181,0.984437039432
0.150962786017,0.0874514992354,-0.0405310989123,0.983829102304
0.151362392616,0.0908829647509,-0.0403448553215,0.983464287846
0.153626743035,0.0915483517818,-0.0428367180297,0.982945949022
0.156177151341,0.0906604550673,-0.0469990846108,0.982435985361
0.161421940723,0.0883002815436,-0.0514523685128,0.981579681486
0.167573989364,0.0889032864013,-0.0498376982463,0.980577058466
0.172421466545,0.085005528185,-0.0488035960733,0.980134229105
0.176015462487,0.0837343889403,-0.0461034573478,0.979735464447
0.180053283184,0.086301464434,-0.0443322403732,0.97886031941
0.188125070471,0.0901072948365,-0.0442486606071,0.97700137631
0.19716242331,0.0869987088285,-0.0445112121477,0.975488060147
0.198142614035,0.0825319974141,-0.0391469838559,0.975907519984
0.192649420264,0.0816585556694,-0.033294189172,0.977297077723
0.187689203712,0.0785932965063,-0.0306336266929,0.978599733022
0.184432126959,0.0811859716692,-0.0237160438496,0.979199253377
0.181830372346,0.0809649347391,-0.0175594228029,0.97983369084
0.172878572122,0.0714273277989,-0.0156465348647,0.982225189094
0.160976556878,0.0601464703551,-0.0145332092825,0.985016617153
0.152161904555,0.0494039153409,-0.0134761319252,0.987028065366
0.145089497363,0.0394745053087,-0.0149783424854,0.98851729901
0.139395528933,0.0290158751071,-0.0208398545146,0.989592171538
0.132404516181,0.0191046754852,-0.0284000974788,0.990604608273
0.122793623376,0.0105703872462,-0.0356098320251,0.991736826398
0.114609093339,0.00266483785069,-0.0408913099494,0.992565138988
0.111026607988,-0.00675247460568,-0.0440277514753,0.992818741516
0.108189514509,-0.014718430876,-0.0446433638539,0.993018311416
0.104295876047,-0.021145720153,-0.0434565606115,0.99337140894
0.099972097939,-0.027496545091,-0.0416866660056,0.993736253499
0.0953602523008,-0.0343108624634,-0.0388452827037,0.994092667215
0.0923527099515,-0.0418908597364,-0.0340236589206,0.994262804026
0.0931314118651,-0.052233716978,-0.027744642383,0.993895574874
0.0933174762426,-0.0645132900271,-0.0247112570026,0.993236748119
0.091711902574,-0.0720988582221,-0.0252478862008,0.992851059229
0.0896488230696,-0.0777439766778,-0.0279589167881,0.992540811042
0.0872905023216,-0.08117789505,-0.0311911635251,0.992379780567
0.0853561548374,-0.0857872522056,-0.0341295431752,0.992063530462
0.0827365787633,-0.0916956896209,-0.0380692244519,0.991613479733
0.0794706549074,-0.0928185916745,-0.0439616336862,0.991532399275
0.0824883546404,-0.0828702074403,-0.051964623297,0.99178015608
0.0862110343801,-0.072728529609,-0.0558699611719,0.99204675594
0.0943148235495,-0.0531084478573,-0.058275405945,0.992415328321
0.106425803279,-0.0354956266448,-0.0554710879547,0.992137373193
0.11665040995,-0.0285781192256,-0.052672040108,0.991363520184
0.1263205974,-0.0269816022364,-0.0529036748001,0.990210230712
0.138110215311,-0.0262643282164,-0.0522467103336,0.988689048564
0.150818344572,-0.0246107608314,-0.0461801868149,0.987175530358
0.159444363486,-0.0181643431818,-0.0377486731493,0.986317691854
0.165383446409,-0.00842634825158,-0.0306547022951,0.985716795807
0.171045940374,-0.00110857373293,-0.0278026211279,0.984870078541
0.175482394169,0.00563381350255,-0.0274127018731,0.984084718537
0.179894902567,0.0109373126583,-0.0267971849845,0.983259940249
0.184394701038,0.0162839211182,-0.0261948106532,0.98236818965
0.18624215725,0.0239522184204,-0.0254738654205,0.981881475676
0.185332776519,0.0305961598774,-0.0250349835102,0.981880281169
0.182610752351,0.0343611295727,-0.0256949956361,0.98224864118
0.17976114357,0.0343721787965,-0.0282772131925,0.982702846135
0.178190089291,0.0323530386893,-0.0313684735155,0.98296367778
0.176943209641,0.031967058122,-0.0327932944669,0.983155027244
0.175590820701,0.0336280477481,-0.0328067228403,0.983341617662
0.174705388866,0.0365368246275,-0.0322594394172,0.983413654632
0.179402763462,0.0459511785423,-0.0287964880425,0.982279949876
0.183868616041,0.0460125841724,-0.0285348100275,0.981458577195
0.185141876201,0.0460238971005,-0.02791736635,0.981236417602
0.187655173461,0.049597019955,-0.0258313362393,0.98064183755
0.203952019865,0.0481808128011,-0.0223586905882,0.977538885071
0.219327250605,0.0382435260576,-0.0191723970401,0.974712988037
0.224846443608,0.0283107679637,-0.0168172717072,0.973837643854
0.216943269572,0.028020319509,-0.0171384245958,0.975631464173
0.210184540084,0.0304611586756,-0.0183332504738,0.977015081178
0.206680838771,0.0353650036038,-0.0165310031385,0.977629312848
0.196426301382,0.0397430615767,-0.0132877172552,0.979622699692
0.181025681169,0.0393129667319,-0.00653191268582,0.982670609879
0.168756614381,0.0373265848553,-0.00384976194171,0.984943201661
0.162471790502,0.0309796230223,-0.00597083712517,0.986208664205
0.156842794351,0.0236629766843,-0.0103434900283,0.987285882411
0.149076791881,0.018553064685,-0.0175406152073,0.988495938652
0.141034173022,0.014750429672,-0.0251642094561,0.98957493371
0.133027490706,0.0107681434469,-0.0307793201831,0.990575775624
0.125940444487,0.00603852599265,-0.0338835819074,0.991440590012
0.120981184179,0.00165794076185,-0.0349401884041,0.992038299433
0.116219501691,-0.0017833186888,-0.0343317535063,0.992628418847
0.111126668067,-0.00483543765415,-0.0328775279333,0.993250497279
0.108526654995,-0.00753024190312,-0.0318534471751,0.993554537263
0.105848329094,-0.0136297636921,-0.0300183169595,0.993835630986
0.103760340293,-0.0189155846864,-0.0282019396526,0.994022456003
0.101713352419,-0.0242226066338,-0.0258776198219,0.994182079933
0.0996025363556,-0.0289830430429,-0.0225361967614,0.994349756274
0.0973925197136,-0.0330811280289,-0.020590936552,0.994482955814
0.0953791381049,-0.0362914130907,-0.020227847421,0.994573570702
0.0918662059926,-0.0373470710461,-0.0218901368376,0.994829944458
0.0874445868371,-0.0379071541916,-0.0239316355199,0.995160172392
0.0831777271253,-0.0408370494766,-0.0261721824861,0.995353614533
0.0782585355547,-0.0447610984202,-0.0296016920655,0.995487712384
0.0733234994525,-0.0454777340542,-0.0348123936826,0.995662361134
0.0722600849834,-0.0437066244456,-0.0407241572328,0.99559517582
0.0742246581778,-0.0387997335341,-0.0456451597812,0.995440505598
0.0787267028075,-0.0304876579364,-0.0500567904712,0.995171807632
0.0842463853818,-0.0189557995719,-0.0541014168466,0.994794582267
0.0925284145373,-0.00651314453188,-0.0560531621007,0.994109709474
0.101315209891,0.00542128569654,-0.0552828794548,0.993302391593
0.11186602503,0.00941822474775,-0.0538976969769,0.992215867514
0.123489398238,0.00702788963164,-0.0539001126946,0.99085607186
0.132907871816,0.00843333811531,-0.0520259175178,0.989726063274
0.139312936704,0.0145681122537,-0.0476642386003,0.988993324614
0.143957603004,0.0237550399179,-0.0414952023687,0.988428072647
0.148186763622,0.0327240093665,-0.0354425365364,0.987782186973
0.151267927342,0.0417487454726,-0.0308677109834,0.987128279824
0.153812785054,0.0512312224342,-0.0292795466288,0.986336503
0.156350154973,0.0612534830589,-0.028899596362,0.985376807715
0.158400095154,0.0717134445626,-0.0286689951031,0.984349877048
0.159384200316,0.0823852182693,-0.028251457334,0.983367280145
0.159207620307,0.0919255024749,-0.0274332572683,0.982573178968
0.15898609685,0.0997149626361,-0.028067400066,0.98183123208
0.15894156402,0.106224742378,-0.0301648245889,0.981093250762
0.158388377341,0.11145566895,-0.0336573896633,0.980488620996
0.156900650311,0.114859858014,-0.0377222261193,0.980186937582
0.154807568276,0.117609213045,-0.0406321669779,0.980077403483
0.15191815781,0.12660313592,-0.0394098714571,0.979458718545
0.153432644581,0.13415953357,-0.0377492646979,0.978281470817
0.154665225388,0.139750114244,-0.0366645015516,0.977345531504
0.153022892633,0.144845394135,-0.036068291516,0.97688427384
0.14908906912,0.149191296756,-0.0371024802891,0.976799781121
0.142038024208,0.155378981195,-0.0386390216653,0.976826288491
0.137860590586,0.160784822267,-0.038400243601,0.976559327324
0.135173973188,0.164646985304,-0.0353908949101,0.976405065411
0.133429329621,0.163522923476,-0.0312188864666,0.976976073721
0.128133673404,0.163413488512,-0.0245964174136,0.97789202357
0.124568247871,0.164589094291,-0.0190493055827,0.978279257482
0.122463212381,0.166902622973,-0.015397566192,0.978217353666
0.120054911101,0.167150706837,-0.0132667040633,0.978504703151
0.113243124513,0.168521005057,-0.0112945436324,0.979106275585
0.102721643418,0.169581042155,-0.00948236367496,0.980102351234
0.0921028197657,0.170474464825,-0.00735177811741,0.981020631176
0.0866058802658,0.170243972814,-0.00672929954791,0.981565651269
0.0858247453141,0.169327772168,-0.00816653161664,0.981781812026
0.0855182390645,0.166983875052,-0.0112582075342,0.982179346669
0.0824443190326,0.164299229716,-0.0152153127755,0.982841386812
0.0768792959052,0.16166907155,-0.0187758190209,0.983666688358
0.0707528351123,0.159255714823,-0.0212425053809,0.984469608259
0.0662585509094,0.156438507619,-0.0228533745854,0.985197706572
0.0637237440102,0.153949219085,-0.0239845131775,0.985730016546
0.062052593565,0.151075425708,-0.0249042719533,0.986258317388
0.059536615955,0.148238957474,-0.0254534118097,0.986829634068
0.0568717782561,0.145040644944,-0.0250010600126,0.987473421997
0.0547653066175,0.141510004429,-0.0241054487448,0.988126817356
0.052962070098,0.13853130275,-0.022969706894,0.988674107001
0.0519268788938,0.136047170639,-0.0219774643773,0.989096434969
0.0518935909386,0.133779665877,-0.0214465774057,0.989419072251
0.0529432866132,0.131715135534,-0.0213428665873,0.989642669613
0.0547867786182,0.129597955024,-0.0212923403799,0.989822921124
0.056191099239,0.127488173308,-0.0205433798926,0.990033987081
0.0568622702405,0.126122020264,-0.0193416896266,0.990194838034
0.0576046429161,0.127183829754,-0.0184052979304,0.990033950717
0.0586964465507,0.128966746632,-0.017925843667,0.989747932331
0.0604014937789,0.13072920111,-0.0181351920468,0.989410253806
0.0617130909437,0.131985688,-0.01922707854,0.989141846259
0.0617871719325,0.133013024187,-0.020398502422,0.988976128064
0.0608599762966,0.134293982272,-0.0212243084629,0.988843121198
0.06067591245,0.135740374518,-0.0212259538981,0.988656888539
0.0608259658297,0.136747255798,-0.0202572063295,0.988529228452
0.0612004916251,0.136798805512,-0.0187606460175,0.988528514913
0.0613020127705,0.135860840367,-0.0172034012047,0.988679896767
0.0608063260728,0.134445136485,-0.0161719157607,0.98892141504
0.0592777912796,0.133590186018,-0.0159113867911,0.989134284832
0.0570852755658,0.133470943367,-0.0161140684223,0.989276056209
0.0551014253183,0.133972752429,-0.0162530853884,0.989318437991
0.0541551371794,0.133934669969,-0.0161389075358,0.989377714
0.0537395552158,0.13218388897,-0.0153566036716,0.989648247826
0.0537937457149,0.129276214443,-0.0143105330973,0.990044999959
0.0541057753323,0.125324802795,-0.0134650244457,0.990547803994
0.0545003388507,0.121084042348,-0.0128848136673,0.991061223805
0.0546929103311,0.117488567811,-0.0127425467904,0.991485123184
0.054983061126,0.114381929103,-0.0128008635539,0.991831525601
0.0548763699002,0.112181307724,-0.013065664752,0.992085292013
0.0536940753453,0.111324535404,-0.0134584937055,0.99224123228
0.0523321340214,0.111703755472,-0.0140876840563,0.992262644626
0.0512097791548,0.113092882886,-0.0146779140604,0.992155288853
0.0499019328854,0.116020065379,-0.0149266125692,0.991880203332
0.048739621275,0.119056348472,-0.0148611104364,0.991579135825
0.0478018868619,0.121281117334,-0.0144840170472,0.991360723168
0.04686499978,0.122307807083,-0.0141017760034,0.991284828914
0.0460780748652,0.122263730496,-0.013747004422,0.991332139644
0.0459472245102,0.121066177178,-0.0137018540973,0.991485800452
0.0461792863302,0.119781409499,-0.0137808716966,0.991629958718
0.0463484486856,0.118696693107,-0.0137667446497,0.991752687464
0.0465425563989,0.118116965847,-0.0135793229311,0.991815393514
0.046565770591,0.117932430942,-0.0133090994102,0.991839925903
0.0465245651609,0.118064013995,-0.013146033788,0.991828379929
0.0465042212453,0.118510566022,-0.0131002890354,0.991776681302
0.0465616131714,0.118930818728,-0.0132168722657,0.991722133878
0.04675156394,0.119276529623,-0.0133962607895,0.991669269942
0.0470201681953,0.119630365491,-0.0135521233938,0.991611828987
