Time, x, y, z
6.06262588501,-0.919,-9.5,0.306
6.08449006081,-0.919,-9.5,0.306
6.23079299927,-0.919,-9.5,0.306
6.24575996399,-0.919,-9.5,0.306
6.26939702034,-0.919,-9.5,0.306
6.29205203056,-0.919,-9.5,0.306
6.3091108799,-0.919,-9.5,0.306
6.31698298454,-0.919,-9.5,0.306
6.32797598839,-0.919,-9.5,0.306
6.34965205193,-0.919,-9.5,0.306
6.37910795212,-0.919,-9.5,0.306
6.4014480114,-0.919,-9.5,0.306
6.43585586548,-0.919,-9.5,0.306
6.454185009,-0.919,-9.5,0.306
6.47911500931,-0.919,-9.5,0.306
6.49719786644,-0.919,-9.5,0.306
6.52225089073,-0.919,-9.5,0.306
6.54617905617,-0.919,-9.5,0.306
6.57556796074,-0.459,-9.96,-0.459
6.59428191185,-0.459,-9.96,-0.459
6.60226392746,-0.459,-9.96,-0.459
6.62268185616,-0.459,-9.96,-0.459
6.64556002617,-0.459,-9.96,-0.459
6.67345690727,-0.459,-9.96,-0.459
6.69335889816,-0.459,-9.96,-0.459
6.72195696831,-0.459,-9.96,-0.459
6.95701384544,-0.459,-9.96,-0.459
6.96536183357,-0.459,-9.96,-0.459
6.98658895493,-0.459,-9.96,-0.459
6.99483799934,-0.459,-9.96,-0.459
7.01619291306,-0.459,-9.96,-0.459
7.04076004028,-0.459,-9.96,-0.459
7.06314086914,-0.612,-9.96,-0.153
7.07877492905,-0.612,-9.96,-0.153
7.09814500809,-0.612,-9.96,-0.153
7.10894584656,-0.612,-9.96,-0.153
7.13226604462,-0.612,-9.96,-0.153
7.15484786034,-0.612,-9.96,-0.153
7.16658592224,-0.612,-9.96,-0.153
7.18699193001,-0.612,-9.96,-0.153
7.20181083679,-0.612,-9.96,-0.153
7.22411203384,-0.612,-9.96,-0.153
7.23920202255,-0.612,-9.96,-0.153
7.25641989708,-0.612,-9.96,-0.153
7.28282785416,-0.612,-9.96,-0.153
7.29918599129,-0.612,-9.96,-0.153
7.31598091125,-0.612,-9.96,-0.153
7.33216905594,-0.612,-9.96,-0.153
7.34777593613,-0.612,-9.96,-0.153
7.36790990829,-0.612,-9.96,-0.153
7.38976883888,-0.612,-9.96,-0.153
7.40898489952,-0.612,-9.96,-0.153
7.42274188995,-0.612,-9.96,-0.153
7.43994498253,-0.612,-9.96,-0.153
7.74657297134,-0.612,-9.96,-0.153
7.76371097565,-0.612,-9.5,0.919
7.77829790115,-0.612,-9.5,0.919
7.79596185684,-0.612,-9.5,0.919
7.81631684303,-0.612,-9.5,0.919
7.83310294151,-0.612,-9.5,0.919
7.84977388382,-0.612,-9.5,0.919
7.87530684471,-0.612,-9.5,0.919
7.89168691635,-0.612,-9.5,0.919
7.90512895584,-0.612,-9.5,0.919
7.94162106514,-0.612,-9.5,0.919
7.97838783264,-0.612,-9.5,0.919
7.99664998055,-0.612,-9.5,0.919
8.01352286339,-0.612,-9.5,0.919
8.04853105545,-0.612,-9.5,0.919
8.07411599159,-0.459,-9.96,0.306
8.09651684761,-0.459,-9.96,0.306
8.10806298256,-0.459,-9.96,0.306
8.1301009655,-0.459,-9.96,0.306
8.15035796165,-0.459,-9.96,0.306
8.16724491119,-0.459,-9.96,0.306
8.19405794144,-0.459,-9.96,0.306
8.22365498543,-0.459,-9.96,0.306
8.44202804565,-0.459,-9.96,0.306
8.45090198517,-0.459,-9.96,0.306
8.459004879,-0.459,-9.96,0.306
8.4681520462,-0.459,-9.96,0.306
8.47863602638,-0.459,-9.96,0.306
8.48658299446,-0.459,-9.96,0.306
8.49479293823,-0.459,-9.96,0.306
8.5028090477,-0.459,-9.96,0.306
8.5111989975,-0.459,-9.96,0.306
8.51915192604,-0.459,-9.96,0.306
8.5269818306,-0.459,-9.96,0.306
8.54605388641,-0.459,-9.96,0.306
8.55955696106,-0.919,-9.347,-1.838
8.56759786606,-0.919,-9.347,-1.838
8.58942890167,-0.919,-9.347,-1.838
8.59915685654,-0.919,-9.347,-1.838
8.60697197914,-0.919,-9.347,-1.838
8.62967991829,-0.919,-9.347,-1.838
8.64207601547,-0.919,-9.347,-1.838
8.66577100754,-0.919,-9.347,-1.838
8.67614889145,-0.919,-9.347,-1.838
8.69967603683,-0.919,-9.347,-1.838
8.7147629261,-0.919,-9.347,-1.838
8.73780202866,-0.919,-9.347,-1.838
8.76341485977,-0.919,-9.347,-1.838
8.78233504295,-0.919,-9.347,-1.838
8.80279183388,-0.919,-9.347,-1.838
8.8180668354,-0.919,-9.347,-1.838
8.8431289196,-0.919,-9.347,-1.838
8.86175298691,-0.919,-9.347,-1.838
8.87719392776,-0.919,-9.347,-1.838
8.90769696236,-0.919,-9.347,-1.838
9.26323699951,-0.919,-9.347,-1.838
9.2714650631,-0.306,-9.653,-0.153
9.28570699692,-0.306,-9.653,-0.153
9.3009519577,-0.306,-9.653,-0.153
9.31694483757,-0.306,-9.653,-0.153
9.33916783333,-0.306,-9.653,-0.153
9.36098003387,-0.306,-9.653,-0.153
9.38308787346,-0.306,-9.653,-0.153
9.40139389038,-0.306,-9.653,-0.153
9.41906285286,-0.306,-9.653,-0.153
9.44123387337,-0.306,-9.653,-0.153
9.46269202232,-0.306,-9.653,-0.153
9.4839348793,-0.306,-9.653,-0.153
9.50349092484,-0.306,-9.653,-0.153
9.51633095741,-0.306,-9.653,-0.153
9.53878498077,-0.306,-9.653,-0.153
9.56148099899,-0.306,-9.96,-0.612
9.57986783981,-0.306,-9.96,-0.612
9.5959148407,-0.306,-9.96,-0.612
9.61699390411,-0.306,-9.96,-0.612
9.64233183861,-0.306,-9.96,-0.612
9.66201496124,-0.306,-9.96,-0.612
9.68474388123,-0.306,-9.96,-0.612
9.70185089111,-0.306,-9.96,-0.612
9.71782302856,-0.306,-9.96,-0.612
9.74143791199,-0.306,-9.96,-0.612
9.75787687302,-0.306,-9.96,-0.612
10.0392758846,-0.306,-9.96,-0.612
10.0540189743,-1.072,-10.266,-1.379
10.0621159077,-1.072,-10.266,-1.379
10.0713009834,-1.072,-10.266,-1.379
10.093517065,-1.072,-10.266,-1.379
10.13159585,-1.072,-10.266,-1.379
10.1737940311,-1.072,-10.266,-1.379
10.2210178375,-1.072,-10.266,-1.379
10.2425098419,-1.072,-10.266,-1.379
10.2638199329,-1.072,-10.266,-1.379
10.2775139809,-1.072,-10.266,-1.379
10.2919118404,-1.072,-10.266,-1.379
10.3129980564,-1.072,-10.266,-1.379
10.3329260349,-1.072,-10.266,-1.379
10.3528468609,-1.072,-10.266,-1.379
10.3761498928,-1.072,-10.266,-1.379
10.3967359066,-1.072,-10.266,-1.379
10.4240078926,-1.072,-10.266,-1.379
10.4480779171,-1.072,-10.266,-1.379
10.468214035,-1.072,-10.266,-1.379
10.4787340164,-1.072,-10.266,-1.379
10.501513958,-1.072,-10.266,-1.379
10.7471370506,-1.072,-10.266,-1.379
10.7551810551,-1.225,-9.653,-0.919
10.7829460907,-1.225,-9.653,-0.919
10.8006980228,-1.225,-9.653,-0.919
10.8207959938,-1.225,-9.653,-0.919
10.838779192,-1.225,-9.653,-0.919
10.8532340336,-1.225,-9.653,-0.919
10.8703791904,-1.225,-9.653,-0.919
10.8913872051,-1.225,-9.653,-0.919
10.9120042133,-1.225,-9.653,-0.919
10.9349741745,-1.225,-9.653,-0.919
10.9552991199,-1.225,-9.653,-0.919
10.9664270687,-1.225,-9.653,-0.919
10.988357048,-1.225,-9.653,-0.919
11.0124780941,-1.225,-9.653,-0.919
11.034844141,-1.225,-9.653,-0.919
11.0601641941,-1.225,-9.653,-0.919
11.0727212238,-0.612,-10.419,-0.459
11.0925261783,-0.612,-10.419,-0.459
11.1163689899,-0.612,-10.419,-0.459
11.1378891277,-0.612,-10.419,-0.459
11.1506130504,-0.612,-10.419,-0.459
11.1705469894,-0.612,-10.419,-0.459
11.1860251236,-0.612,-10.419,-0.459
11.194290142,-0.612,-10.419,-0.459
11.2319152164,-0.612,-10.419,-0.459
11.4967372227,-0.612,-10.419,-0.459
11.5210180092,-0.612,-10.419,-0.459
11.5460831928,-0.612,-10.419,-0.459
11.5650582123,-0.459,-10.266,-0.459
11.589167099,-0.459,-10.266,-0.459
11.6172420788,-0.459,-10.266,-0.459
11.630329113,-0.459,-10.266,-0.459
11.6503181267,-0.459,-10.266,-0.459
11.6711091804,-0.459,-10.266,-0.459
11.692157011,-0.459,-10.266,-0.459
11.7131061363,-0.459,-10.266,-0.459
11.727934103,-0.459,-10.266,-0.459
11.7517540264,-0.459,-10.266,-0.459
11.7711300659,-0.459,-10.266,-0.459
11.7963230419,-0.459,-10.266,-0.459
11.8132710266,-0.459,-10.266,-0.459
11.8318600464,-0.459,-10.266,-0.459
11.8555171299,-0.459,-10.266,-0.459
11.8767649936,-0.459,-10.266,-0.459
11.8979990291,-0.459,-10.266,-0.459
11.9092731285,-0.459,-10.266,-0.459
11.9293701458,-0.459,-10.266,-0.459
11.9558691788,-0.459,-10.266,-0.459
12.2664191532,-0.459,-10.266,-0.459
12.2746200371,-0.766,-9.96,-1.685
12.2959730434,-0.766,-9.96,-1.685
12.3135580826,-0.766,-9.96,-1.685
12.3334660339,-0.766,-9.96,-1.685
12.3605491924,-0.766,-9.96,-1.685
12.4049711036,-0.766,-9.96,-1.685
12.4224090385,-0.766,-9.96,-1.685
12.4393830108,-0.766,-9.96,-1.685
12.4628071594,-0.766,-9.96,-1.685
12.484515171,-0.766,-9.96,-1.685
12.5055880356,-0.766,-9.96,-1.685
12.5168151665,-0.766,-9.96,-1.685
12.5373542118,-0.766,-9.96,-1.685
12.5641422081,-1.072,-10.573,-0.153
12.5841600704,-1.072,-10.573,-0.153
12.6018910217,-1.072,-10.573,-0.153
12.6260042,-1.072,-10.573,-0.153
12.6366011905,-1.072,-10.573,-0.153
12.6582422066,-1.072,-10.573,-0.153
12.6847049999,-1.072,-10.573,-0.153
12.7038621712,-1.072,-10.573,-0.153
12.7150440025,-1.072,-10.573,-0.153
12.737559061,-1.072,-10.573,-0.153
12.7598690796,-1.072,-10.573,-0.153
12.997004013,-1.072,-10.573,-0.153
13.0096781063,-1.072,-10.573,-0.153
13.0330190468,-1.072,-10.573,-0.153
13.0565399933,-1.072,-10.573,-0.153
13.0810911465,-0.459,-9.5,-1.685
13.0979740429,-0.459,-9.5,-1.685
13.1126451301,-0.459,-9.5,-1.685
13.134761076,-0.459,-9.5,-1.685
13.1626720238,-0.459,-9.5,-1.685
13.1792170811,-0.459,-9.5,-1.685
13.1993841934,-0.459,-9.5,-1.685
13.2104341793,-0.459,-9.5,-1.685
13.2320191669,-0.459,-9.5,-1.685
13.2562920856,-0.459,-9.5,-1.685
13.2785460758,-0.459,-9.5,-1.685
13.2945270347,-0.459,-9.5,-1.685
13.3138601589,-0.459,-9.5,-1.685
13.3293571281,-0.459,-9.5,-1.685
13.3450920391,-0.459,-9.5,-1.685
13.3675420093,-0.459,-9.5,-1.685
13.3909530449,-0.459,-9.5,-1.685
13.4072871017,-0.459,-9.5,-1.685
13.4352710056,-0.459,-9.5,-1.685
13.4555392074,-0.459,-9.5,-1.685
13.4774792003,-0.459,-9.5,-1.685
13.7858152199,-0.459,-9.5,-1.685
13.8011400509,-0.919,-10.266,-1.072
13.8183460045,-0.919,-10.266,-1.072
13.828101139,-0.919,-10.266,-1.072
13.850223999,-0.919,-10.266,-1.072
13.873086195,-0.919,-10.266,-1.072
13.8997900295,-0.919,-10.266,-1.072
13.9153141784,-0.919,-10.266,-1.072
13.9301020908,-0.919,-10.266,-1.072
13.9466090011,-0.919,-10.266,-1.072
13.970956068,-0.919,-10.266,-1.072
13.9905710029,-0.919,-10.266,-1.072
14.0051381397,-0.919,-10.266,-1.072
14.021118145,-0.919,-10.266,-1.072
14.0478400993,-0.919,-10.266,-1.072
14.0916161346,-0.919,-9.194,-0.612
14.1161150741,-0.919,-9.194,-0.612
14.1517841625,-0.919,-9.194,-0.612
14.1866781521,-0.919,-9.194,-0.612
14.1943981457,-0.919,-9.194,-0.612
14.2077901172,-0.919,-9.194,-0.612
14.2326950836,-0.919,-9.194,-0.612
14.2470202255,-0.919,-9.194,-0.612
14.263894062,-0.919,-9.194,-0.612
14.4480230617,-0.919,-9.194,-0.612
14.4569611358,-0.919,-9.194,-0.612
14.4787590313,-0.919,-9.194,-0.612
14.4940311718,-0.919,-9.194,-0.612
14.51601408,-0.919,-9.194,-0.612
14.5258800793,-0.919,-9.194,-0.612
14.5337810325,-0.919,-9.194,-0.612
14.5522470283,-0.919,-9.194,-0.612
14.5744201946,-0.612,-9.04,-0.459
14.5903889942,-0.612,-9.04,-0.459
14.6054432201,-0.612,-9.04,-0.459
14.6310980129,-0.612,-9.04,-0.459
14.6541960048,-0.612,-9.04,-0.459
14.6707219887,-0.612,-9.04,-0.459
14.691921215,-0.612,-9.04,-0.459
14.7081501293,-0.612,-9.04,-0.459
14.7296922016,-0.612,-9.04,-0.459
14.7533590603,-0.612,-9.04,-0.459
14.7719251919,-0.612,-9.04,-0.459
14.7878761101,-0.612,-9.04,-0.459
14.8124902057,-0.612,-9.04,-0.459
14.8327431488,-0.612,-9.04,-0.459
14.8579799938,-0.612,-9.04,-0.459
14.8773181248,-0.612,-9.04,-0.459
14.9030701923,-0.612,-9.04,-0.459
14.9192681122,-0.612,-9.04,-0.459
14.9416851806,-0.612,-9.04,-0.459
15.2427019882,-0.612,-9.04,-0.459
15.2510671425,-1.225,-9.96,-0.153
15.2694182205,-1.225,-9.96,-0.153
15.2955200481,-1.225,-9.96,-0.153
15.315394144,-1.225,-9.96,-0.153
15.3300730991,-1.225,-9.96,-0.153
15.3580930042,-1.225,-9.96,-0.153
15.3730971622,-1.225,-9.96,-0.153
15.3947171974,-1.225,-9.96,-0.153
15.4155220794,-1.225,-9.96,-0.153
15.4266581344,-1.225,-9.96,-0.153
15.4489531326,-1.225,-9.96,-0.153
15.4717161465,-1.225,-9.96,-0.153
15.4975821781,-1.225,-9.96,-0.153
15.5109782028,-1.225,-9.96,-0.153
15.5303251552,-1.225,-9.96,-0.153
15.5484270859,-1.225,-9.96,-0.153
15.5565171051,-0.919,-9.194,0.153
15.5706410217,-0.919,-9.194,0.153
15.5832040119,-0.919,-9.194,0.153
15.6018822002,-0.919,-9.194,0.153
15.6228060531,-0.919,-9.194,0.153
15.6417171764,-0.919,-9.194,0.153
15.6634361553,-0.919,-9.194,0.153
15.6803741264,-0.919,-9.194,0.153
15.7013611603,-0.919,-9.194,0.153
15.7252871799,-0.919,-9.194,0.153
15.7368461895,-0.919,-9.194,0.153
16.0638220119,-0.919,-9.194,0.153
16.0722710895,-1.072,-9.347,0.153
16.0980222034,-1.072,-9.347,0.153
16.1341011333,-1.072,-9.347,0.153
16.174576025,-1.072,-9.347,0.153
16.1933960724,-1.072,-9.347,0.153
16.2109551239,-1.072,-9.347,0.153
16.2491371441,-1.072,-9.347,0.153
16.2771360683,-1.072,-9.347,0.153
16.3029711056,-1.072,-9.347,0.153
16.328899126,-1.072,-9.347,0.153
16.3599400329,-1.072,-9.347,0.153
16.3866710472,-1.072,-9.347,0.153
16.4045891571,-1.072,-9.347,0.153
16.4130689907,-1.072,-9.347,0.153
16.4262292194,-1.072,-9.347,0.153
16.4490110683,-1.072,-9.347,0.153
16.4771301555,-1.072,-9.347,0.153
16.5074741649,-1.072,-9.347,0.153
16.5323130894,-1.072,-9.347,0.153
16.5578791904,-0.766,-9.807,-0.153
16.7003361988,-0.766,-9.807,-0.153
16.7167370128,-0.766,-9.807,-0.153
16.7447941112,-0.766,-9.807,-0.153
16.7698440361,-0.766,-9.807,-0.153
16.7925250339,-0.766,-9.807,-0.153
16.8144721794,-0.766,-9.807,-0.153
16.8340930748,-0.766,-9.807,-0.153
16.8843831825,-0.766,-9.807,-0.153
16.9122681427,-0.766,-9.807,-0.153
16.9295601654,-0.766,-9.807,-0.153
16.9615812111,-0.766,-9.807,-0.153
16.9885501671,-0.766,-9.807,-0.153
17.006761055,-0.766,-9.807,-0.153
17.0194010544,-0.766,-9.807,-0.153
17.0430722046,-0.766,-9.807,-0.153
17.0641250419,-1.072,-9.5,-0.459
17.0894481945,-1.072,-9.5,-0.459
17.108565073,-1.072,-9.5,-0.459
17.1249902057,-1.072,-9.5,-0.459
17.1479251194,-1.072,-9.5,-0.459
17.1676339912,-1.072,-9.5,-0.459
17.3572220611,-1.072,-9.5,-0.459
17.369550209,-1.072,-9.5,-0.459
17.3946101475,-1.072,-9.5,-0.459
17.4049200821,-1.072,-9.5,-0.459
17.4262790489,-1.072,-9.5,-0.459
17.4415139961,-1.072,-9.5,-0.459
17.4610490608,-1.072,-9.5,-0.459
17.4798970032,-1.072,-9.5,-0.459
17.4985871124,-1.072,-9.5,-0.459
17.5174290943,-1.072,-9.5,-0.459
17.5448322105,-1.072,-9.5,-0.459
17.5643381882,-1.225,-9.04,-1.685
17.5878801155,-1.225,-9.04,-1.685
17.6019441891,-1.225,-9.04,-1.685
17.62204216,-1.225,-9.04,-1.685
17.6450321483,-1.225,-9.04,-1.685
17.6618740368,-1.225,-9.04,-1.685
17.6791961002,-1.225,-9.04,-1.685
17.7025940227,-1.225,-9.04,-1.685
17.7237441349,-1.225,-9.04,-1.685
17.7442781734,-1.225,-9.04,-1.685
17.7660331535,-1.225,-9.04,-1.685
17.7834679889,-1.225,-9.04,-1.685
17.7962560463,-1.225,-9.04,-1.685
17.8242890644,-1.225,-9.04,-1.685
17.8444931316,-1.225,-9.04,-1.685
18.1493351269,-1.225,-9.04,-1.685
18.1593630123,-0.612,-9.347,-1.072
18.1803800869,-0.612,-9.347,-1.072
18.2027761745,-0.612,-9.347,-1.072
18.2274560737,-0.612,-9.347,-1.072
18.2690291214,-0.612,-9.347,-1.072
18.2855980205,-0.612,-9.347,-1.072
18.2948751259,-0.612,-9.347,-1.072
18.337710123,-0.612,-9.347,-1.072
18.3493900108,-0.612,-9.347,-1.072
18.3712210464,-0.612,-9.347,-1.072
18.3903031158,-0.612,-9.347,-1.072
18.410232048,-0.612,-9.347,-1.072
18.4373380947,-0.612,-9.347,-1.072
18.4565720367,-0.612,-9.347,-1.072
18.4705290603,-0.612,-9.347,-1.072
18.4944741535,-0.612,-9.347,-1.072
18.5130731869,-0.612,-9.347,-1.072
18.5414700317,-0.612,-9.347,-1.072
18.5632731724,-0.459,-9.347,-0.459
18.5830189991,-0.459,-9.347,-0.459
18.6034490871,-0.459,-9.347,-0.459
18.6249501514,-0.459,-9.347,-0.459
18.8466979789,-0.459,-9.347,-0.459
18.8580571937,-0.459,-9.347,-0.459
18.8789099979,-0.459,-9.347,-0.459
18.8940631675,-0.459,-9.347,-0.459
18.9095660972,-0.459,-9.347,-0.459
18.9352840709,-0.459,-9.347,-0.459
18.9555191325,-0.459,-9.347,-0.459
18.9680740165,-0.459,-9.347,-0.459
18.9874460029,-0.459,-9.347,-0.459
19.0078601169,-0.459,-9.347,-0.459
19.0247370529,-0.459,-9.347,-0.459
19.0501910972,-0.459,-9.347,-0.459
19.0696431922,-0.919,-9.96,0
19.0899020957,-0.919,-9.96,0
19.1067220496,-0.919,-9.96,0
19.1302351283,-0.919,-9.96,0
19.1581901836,-0.919,-9.96,0
19.1718730258,-0.919,-9.96,0
19.1876470374,-0.919,-9.96,0
19.211304121,-0.919,-9.96,0
19.2302440929,-0.919,-9.96,0
19.2580420303,-0.919,-9.96,0
19.2785410213,-0.919,-9.96,0
19.3004950809,-0.919,-9.96,0
19.312889986,-0.919,-9.96,0
19.3328229713,-0.919,-9.96,0
19.6056501197,-0.919,-9.96,0
19.6141170787,-0.919,-10.266,0.766
19.6223191547,-0.919,-10.266,0.766
19.644842081,-0.919,-10.266,0.766
19.6651000308,-0.919,-10.266,0.766
19.6768841075,-0.919,-10.266,0.766
19.6848890113,-0.919,-10.266,0.766
19.6937631893,-0.919,-10.266,0.766
19.7112349796,-0.919,-10.266,0.766
19.7298211383,-0.919,-10.266,0.766
19.749261074,-0.919,-10.266,0.766
19.7720541286,-0.919,-10.266,0.766
19.7895461845,-0.919,-10.266,0.766
19.8098069953,-0.919,-10.266,0.766
19.8353251743,-0.919,-10.266,0.766
19.8590280341,-0.919,-10.266,0.766
19.879807167,-0.919,-10.266,0.766
19.8994621562,-0.919,-10.266,0.766
19.9218100833,-0.919,-10.266,0.766
19.9350711631,-0.919,-10.266,0.766
19.9527971076,-0.919,-10.266,0.766
19.9610490131,-0.919,-10.266,0.766
19.9722050952,-0.919,-10.266,0.766
19.9933580684,-0.919,-10.266,0.766
20.014662199,-0.919,-10.266,0.766
20.036873989,-0.919,-10.266,0.766
20.0671262073,0.306,-10.113,-1.532
20.0889381694,0.306,-10.113,-1.532
20.4020680713,0.306,-10.113,-1.532
20.4148392009,0.306,-10.113,-1.532
20.4355770873,0.306,-10.113,-1.532
20.4514710235,0.306,-10.113,-1.532
20.4707509803,0.306,-10.113,-1.532
20.4933630752,0.306,-10.113,-1.532
20.5016390609,0.306,-10.113,-1.532
20.5338651466,0.306,-10.113,-1.532
20.5496119785,0.306,-10.113,-1.532
20.5603710937,0.459,-10.726,-1.838
20.5692621993,0.459,-10.726,-1.838
20.5776061343,0.459,-10.726,-1.838
20.5862030315,0.459,-10.726,-1.838
20.5957040119,0.459,-10.726,-1.838
20.6041681098,0.459,-10.726,-1.838
20.6135851669,0.459,-10.726,-1.838
20.6223160552,0.459,-10.726,-1.838
20.6311580467,0.459,-10.726,-1.838
20.6405081081,0.459,-10.726,-1.838
20.649372034,0.459,-10.726,-1.838
20.6579891967,0.459,-10.726,-1.838
20.6690229701,0.459,-10.726,-1.838
20.6774300861,0.459,-10.726,-1.838
20.6855019855,0.459,-10.726,-1.838
20.6939241218,0.459,-10.726,-1.838
20.702042036,0.459,-10.726,-1.838
20.7106270122,0.459,-10.726,-1.838
20.720500164,0.459,-10.726,-1.838
20.7294401454,0.459,-10.726,-1.838
20.7551872062,0.459,-10.726,-1.838
20.7716051864,0.459,-10.726,-1.838
20.8035611438,0.459,-10.726,-1.838
20.8115209865,0.459,-10.726,-1.838
20.8402740287,0.459,-10.726,-1.838
20.8497101592,0.459,-10.726,-1.838
20.873021059,0.459,-10.726,-1.838
20.8837332057,0.459,-10.726,-1.838
21.2822341251,0.459,-10.726,-1.838
21.2931989955,0.153,-10.419,-0.306
21.3073751258,0.153,-10.419,-0.306
21.3288461494,0.153,-10.419,-0.306
21.3479611205,0.153,-10.419,-0.306
21.368147068,0.153,-10.419,-0.306
21.3960511016,0.153,-10.419,-0.306
21.4133991527,0.153,-10.419,-0.306
21.4359139728,0.153,-10.419,-0.306
21.4472271728,0.153,-10.419,-0.306
21.4717540073,0.153,-10.419,-0.306
21.4812580871,0.153,-10.419,-0.306
21.5041031169,0.153,-10.419,-0.306
21.5230161475,0.153,-10.419,-0.306
21.5457591342,0.153,-10.419,-0.306
21.5619451331,-1.532,-7.048,-0.153
21.5840160178,-1.532,-7.048,-0.153
21.5936362075,-1.532,-7.048,-0.153
21.6176411437,-1.532,-7.048,-0.153
21.6363071727,-1.532,-7.048,-0.153
21.6594111251,-1.532,-7.048,-0.153
21.6757160949,-1.532,-7.048,-0.153
21.7015029716,-1.532,-7.048,-0.153
21.7211591529,-1.532,-7.048,-0.153
21.7453681754,-1.532,-7.048,-0.153
21.7656690406,-1.532,-7.048,-0.153
22.0407690334,-1.532,-7.048,-0.153
22.0519220161,-1.532,-7.048,-0.153
22.0612901973,-0.766,-6.742,-1.379
22.0832011031,-0.766,-6.742,-1.379
22.1015741157,-0.766,-6.742,-1.379
22.1239210891,-0.766,-6.742,-1.379
22.1441151428,-0.766,-6.742,-1.379
22.1625661182,-0.766,-6.742,-1.379
22.189143114,-0.766,-6.742,-1.379
22.2136120128,-0.766,-6.742,-1.379
22.228456192,-0.766,-6.742,-1.379
22.2472960281,-0.766,-6.742,-1.379
22.2703210639,-0.766,-6.742,-1.379
22.2898442077,-0.766,-6.742,-1.379
22.3055230903,-0.766,-6.742,-1.379
22.3332139777,-0.766,-6.742,-1.379
22.3528770732,-0.766,-6.742,-1.379
22.3761541175,-0.766,-6.742,-1.379
22.3967232036,-0.766,-6.742,-1.379
22.4121410178,-0.766,-6.742,-1.379
22.4438540267,-0.766,-6.742,-1.379
22.4595751094,-0.766,-6.742,-1.379
22.4854029941,-0.766,-6.742,-1.379
22.5053700733,-0.766,-6.742,-1.379
22.7983650493,-0.766,-6.742,-1.379
22.8069631385,-1.532,-6.895,-2.298
22.8245550918,-1.532,-6.895,-2.298
22.8562771606,-1.532,-6.895,-2.298
22.8724331188,-1.532,-6.895,-2.298
22.887905054,-1.532,-6.895,-2.298
22.9119991588,-1.532,-6.895,-2.298
22.9306260871,-1.532,-6.895,-2.298
22.9554690646,-1.532,-6.895,-2.298
22.9637281226,-1.532,-6.895,-2.298
22.9758550453,-1.532,-6.895,-2.298
22.9869841861,-1.532,-6.895,-2.298
23.008605175,-1.532,-6.895,-2.298
23.0327340888,-1.532,-6.895,-2.298
23.0588461685,-1.532,-6.895,-2.298
23.0811161327,-3.677,-12.718,0.919
23.104808979,-3.677,-12.718,0.919
23.1221441554,-3.677,-12.718,0.919
23.1555589961,-3.677,-12.718,0.919
23.1699151325,-3.677,-12.718,0.919
23.1892430114,-3.677,-12.718,0.919
23.2102581786,-3.677,-12.718,0.919
23.2301229762,-3.677,-12.718,0.919
23.2551521587,-3.677,-12.718,0.919
23.2674271392,-3.677,-12.718,0.919
23.2856630611,-3.677,-12.718,0.919
23.5894471931,-3.677,-12.718,0.919
23.6011611747,-0.459,-9.807,-0.153
23.6204551982,-0.459,-9.807,-0.153
23.6400641727,-0.459,-9.807,-0.153
23.6631280708,-0.459,-9.807,-0.153
23.6859940814,-0.459,-9.807,-0.153
23.7103611755,-0.459,-9.807,-0.153
23.728873186,-0.459,-9.807,-0.153
23.7422820854,-0.459,-9.807,-0.153
23.7641360092,-0.459,-9.807,-0.153
23.7832700538,-0.459,-9.807,-0.153
23.8020471858,-0.459,-9.807,-0.153
23.8171901035,-0.459,-9.807,-0.153
23.836304121,-0.459,-9.807,-0.153
23.8632120418,-0.459,-9.807,-0.153
23.8845099735,-0.459,-9.807,-0.153
23.9035200404,-0.459,-9.807,-0.153
23.9276961612,-0.459,-9.807,-0.153
23.9434730338,-0.459,-9.807,-0.153
23.9691101837,-0.459,-9.807,-0.153
23.9944772052,-0.459,-9.807,-0.153
24.0070599841,-0.459,-9.807,-0.153
24.0258390235,-0.459,-9.807,-0.153
24.0472051429,-0.459,-9.807,-0.153
24.0678700733,3.83,-9.5,-0.766
24.0860440063,3.83,-9.5,-0.766
24.3932999896,3.83,-9.5,-0.766
24.4122480678,3.83,-9.5,-0.766
24.4308630752,3.83,-9.5,-0.766
24.4527191448,3.83,-9.5,-0.766
24.4791161346,3.83,-9.5,-0.766
24.5040900039,3.83,-9.5,-0.766
24.5208269882,3.83,-9.5,-0.766
24.5300721454,3.83,-9.5,-0.766
24.538934164,3.83,-9.5,-0.766
24.5647520351,3.83,-9.5,-0.766
24.6062959956,1.379,-11.186,0.306
24.6278030204,1.379,-11.186,0.306
24.6518441963,1.379,-11.186,0.306
24.6802651214,1.379,-11.186,0.306
24.7152962016,1.379,-11.186,0.306
24.7392520236,1.379,-11.186,0.306
24.7589821147,1.379,-11.186,0.306
24.786458187,1.379,-11.186,0.306
24.8078131007,1.379,-11.186,0.306
24.8253130245,1.379,-11.186,0.306
24.8546890544,1.379,-11.186,0.306
24.8779219913,1.379,-11.186,0.306
25.1208710002,1.379,-11.186,0.306
25.1394790935,-1.379,-7.968,-4.137
25.1525430011,-1.379,-7.968,-4.137
25.1707710552,-1.379,-7.968,-4.137
25.1943640041,-1.379,-7.968,-4.137
25.2091030406,-1.379,-7.968,-4.137
25.2251931953,-1.379,-7.968,-4.137
25.2474560069,-1.379,-7.968,-4.137
25.267706089,-1.379,-7.968,-4.137
25.2933871078,-1.379,-7.968,-4.137
25.3079489993,-1.379,-7.968,-4.137
25.3292021083,-1.379,-7.968,-4.137
25.3505670356,-1.379,-7.968,-4.137
25.3692411708,-1.379,-7.968,-4.137
25.3776289748,-1.379,-7.968,-4.137
25.3857051658,-1.379,-7.968,-4.137
25.4057680892,-1.379,-7.968,-4.137
25.4214979934,-1.379,-7.968,-4.137
25.4447440433,-1.379,-7.968,-4.137
25.4694551753,-1.379,-7.968,-4.137
25.4886681365,-1.379,-7.968,-4.137
25.515422039,-1.379,-7.968,-4.137
25.5370091724,-1.379,-7.968,-4.137
25.5622770118,-1.379,-7.968,-4.137
25.5799180793,0.612,-9.807,0
25.5944451618,0.612,-9.807,0
25.8768460082,0.612,-9.807,0
25.8852500247,0.612,-9.807,0
25.9170820045,0.612,-9.807,0
25.9305769729,0.612,-9.807,0
25.9440771865,0.612,-9.807,0
25.9635400104,0.612,-9.807,0
25.9783410358,0.612,-9.807,0
25.9989041614,0.612,-9.807,0
26.0230140018,0.612,-9.807,0
26.0469350147,0.612,-9.807,0
26.0709511566,-0.919,-7.048,-1.532
26.1031240749,-0.919,-7.048,-1.532
26.1326271819,-0.919,-7.048,-1.532
26.1558021831,-0.919,-7.048,-1.532
26.1739050674,-0.919,-7.048,-1.532
26.1821979808,-0.919,-7.048,-1.532
26.2022001075,-0.919,-7.048,-1.532
26.2355851459,-0.919,-7.048,-1.532
26.2621230411,-0.919,-7.048,-1.532
26.294111185,-0.919,-7.048,-1.532
26.3223790454,-0.919,-7.048,-1.532
26.3432471084,-0.919,-7.048,-1.532
26.6121100616,-0.919,-7.048,-1.532
26.6198171806,-1.685,-7.202,-3.371
26.6422971915,-1.685,-7.202,-3.371
26.6701502036,-1.685,-7.202,-3.371
26.7003909778,-1.685,-7.202,-3.371
26.7363111209,-1.685,-7.202,-3.371
26.7784711551,-1.685,-7.202,-3.371
26.8025950622,-1.685,-7.202,-3.371
26.8605910968,-1.685,-7.202,-3.371
26.8974971008,-1.685,-7.202,-3.371
26.9368859958,-1.685,-7.202,-3.371
26.9687451553,-1.685,-7.202,-3.371
27.00130908,-1.685,-7.202,-3.371
27.0300211143,-1.685,-7.202,-3.371
27.0605041217,-1.685,-7.202,-3.371
27.0860950183,-1.685,-7.202,-3.371
27.1474351119,-1.685,-7.202,-3.371
27.164455099,-1.685,-7.202,-3.371
27.1823310088,-1.685,-7.202,-3.371
27.2113069724,-1.685,-7.202,-3.371
27.2194840144,-1.685,-7.202,-3.371
27.2611159515,-1.685,-7.202,-3.371
27.2941550445,-1.685,-7.202,-3.371
27.3437110614,-1.685,-7.202,-3.371
27.3804091644,-2.604,-12.718,-0.306
27.399776144,-2.604,-12.718,-0.306
27.412501974,-2.604,-12.718,-0.306
27.4519809913,-2.604,-12.718,-0.306
27.4676291179,-2.604,-12.718,-0.306
27.4904770087,-2.604,-12.718,-0.306
27.5058190059,-2.604,-12.718,-0.306
27.5211590957,-2.604,-12.718,-0.306
27.5292929839,-2.604,-12.718,-0.306
27.5393420886,-2.604,-12.718,-0.306
27.5657049846,-2.604,-12.718,-0.306
27.5847510528,-3.524,-8.581,0.766
27.6001819801,-3.524,-8.581,0.766
27.6225289535,-3.524,-8.581,0.766
27.6361459922,-3.524,-8.581,0.766
27.8437720966,-3.524,-8.581,0.766
27.8566781711,-3.524,-8.581,0.766
27.8805650901,-3.524,-8.581,0.766
27.9005190562,-3.524,-8.581,0.766
27.9143990707,-3.524,-8.581,0.766
27.9428071212,-3.524,-8.581,0.766
27.9593791198,-3.524,-8.581,0.766
27.9762090873,-3.524,-8.581,0.766
27.9973479938,-3.524,-8.581,0.766
28.008602066,-3.524,-8.581,0.766
28.0310560893,-3.524,-8.581,0.766
28.0589961242,-3.524,-8.581,0.766
28.0799731445,2.604,-11.186,-1.838
28.1049610805,2.604,-11.186,-1.838
28.1243089866,2.604,-11.186,-1.838
28.1474861335,2.604,-11.186,-1.838
28.1700500678,2.604,-11.186,-1.838
28.1811081599,2.604,-11.186,-1.838
28.2017630767,2.604,-11.186,-1.838
28.2137569617,2.604,-11.186,-1.838
28.2341691684,2.604,-11.186,-1.838
28.2526671123,2.604,-11.186,-1.838
28.270661993,2.604,-11.186,-1.838
28.2938200664,2.604,-11.186,-1.838
28.313533945,2.604,-11.186,-1.838
28.3368980121,2.604,-11.186,-1.838
28.6653360557,2.604,-11.186,-1.838
28.677369995,4.29,-12.871,-7.355
28.6930309962,4.29,-12.871,-7.355
28.701584978,4.29,-12.871,-7.355
28.7149869632,4.29,-12.871,-7.355
28.7273420524,4.29,-12.871,-7.355
28.7502140235,4.29,-12.871,-7.355
28.7757260036,4.29,-12.871,-7.355
28.7895001601,4.29,-12.871,-7.355
28.8145860862,4.29,-12.871,-7.355
28.8381871413,4.29,-12.871,-7.355
28.8820411395,4.29,-12.871,-7.355
28.897551937,4.29,-12.871,-7.355
28.9217089843,4.29,-12.871,-7.355
28.9644850921,4.29,-12.871,-7.355
28.9834951591,4.29,-12.871,-7.355
29.0048250388,4.29,-12.871,-7.355
29.026445074,4.29,-12.871,-7.355
29.0526341628,4.29,-12.871,-7.355
29.0752000045,1.685,-9.653,-2.298
29.0924410056,1.685,-9.653,-2.298
29.1165589523,1.685,-9.653,-2.298
29.1353539657,1.685,-9.653,-2.298
29.1558739375,1.685,-9.653,-2.298
29.335459156,1.685,-9.653,-2.298
29.3613061141,1.685,-9.653,-2.298
29.3787609767,1.685,-9.653,-2.298
29.3963290881,1.685,-9.653,-2.298
29.4186319541,1.685,-9.653,-2.298
29.4385821056,1.685,-9.653,-2.298
29.4659990501,1.685,-9.653,-2.298
29.4788550567,1.685,-9.653,-2.298
29.5021290015,1.685,-9.653,-2.298
29.5225960445,1.685,-9.653,-2.298
29.5507001209,1.685,-9.653,-2.298
29.5752929973,-1.225,-7.508,-2.758
29.6046649837,-1.225,-7.508,-2.758
29.6265229606,-1.225,-7.508,-2.758
29.6654478931,-1.225,-7.508,-2.758
29.7031418704,-1.225,-7.508,-2.758
29.7172350311,-1.225,-7.508,-2.758
29.7384249591,-1.225,-7.508,-2.758
29.7568239593,-1.225,-7.508,-2.758
29.7742878818,-1.225,-7.508,-2.758
29.8021118068,-1.225,-7.508,-2.758
29.8224670314,-1.225,-7.508,-2.758
30.0368248844,-1.225,-7.508,-2.758
30.0570499324,-1.225,-7.508,-2.758
30.0784749412,0.153,-6.895,-2.451
30.101525011,0.153,-6.895,-2.451
30.1463639163,0.153,-6.895,-2.451
30.1882948303,0.153,-6.895,-2.451
30.2327298545,0.153,-6.895,-2.451
30.2523140335,0.153,-6.895,-2.451
30.2737199687,0.153,-6.895,-2.451
30.2975689792,0.153,-6.895,-2.451
30.3136078739,0.153,-6.895,-2.451
30.3319308185,0.153,-6.895,-2.451
30.352202835,0.153,-6.895,-2.451
30.3711509132,0.153,-6.895,-2.451
30.3962740325,0.153,-6.895,-2.451
30.4142789268,0.153,-6.895,-2.451
30.4331340217,0.153,-6.895,-2.451
30.4594640159,0.153,-6.895,-2.451
30.4801198863,0.153,-6.895,-2.451
30.5048479461,0.153,-6.895,-2.451
30.7201508903,0.153,-6.895,-2.451
30.7348288917,-0.766,-6.589,-0.919
30.7471939945,-0.766,-6.589,-0.919
30.7668079757,-0.766,-6.589,-0.919
30.7852320098,-0.766,-6.589,-0.919
30.8078948879,-0.766,-6.589,-0.919
30.8281988525,-0.766,-6.589,-0.919
30.8445839309,-0.766,-6.589,-0.919
30.8601660156,-0.766,-6.589,-0.919
30.8829049491,-0.766,-6.589,-0.919
30.9035238647,-0.766,-6.589,-0.919
30.9308299446,-0.766,-6.589,-0.919
30.9627689742,-0.766,-6.589,-0.919
30.9964479827,-0.766,-6.589,-0.919
31.0497939014,-0.766,-6.589,-0.919
31.0831720256,0.153,-13.178,0.459
31.1034869575,0.153,-13.178,0.459
31.1311280155,0.153,-13.178,0.459
31.1515209102,0.153,-13.178,0.459
31.1661118888,0.153,-13.178,0.459
31.187236967,0.153,-13.178,0.459
31.209208908,0.153,-13.178,0.459
31.4159559631,0.153,-13.178,0.459
31.4308928871,0.153,-13.178,0.459
31.4471268081,0.153,-13.178,0.459
31.4652428054,0.153,-13.178,0.459
31.4852768802,0.153,-13.178,0.459
31.5076200389,0.153,-13.178,0.459
31.5216228389,0.153,-13.178,0.459
31.5448269271,0.153,-13.178,0.459
31.5678648376,-3.524,-9.347,1.992
31.5889930152,-3.524,-9.347,1.992
31.610557022,-3.524,-9.347,1.992
31.6364550018,-3.524,-9.347,1.992
31.6486730003,-3.524,-9.347,1.992
31.6737779998,-3.524,-9.347,1.992
31.6889118575,-3.524,-9.347,1.992
31.7102879905,-3.524,-9.347,1.992
31.7201709175,-3.524,-9.347,1.992
31.7427968406,-3.524,-9.347,1.992
31.7639598274,-3.524,-9.347,1.992
31.7816469097,-3.524,-9.347,1.992
31.7979759597,-3.524,-9.347,1.992
31.8206359767,-3.524,-9.347,1.992
31.8454188728,-3.524,-9.347,1.992
31.865388813,-3.524,-9.347,1.992
31.8766660118,-3.524,-9.347,1.992
31.8969668769,-3.524,-9.347,1.992
32.2049350166,-3.524,-9.347,1.992
32.2139219665,-3.217,-12.105,0.306
32.2340378189,-3.217,-12.105,0.306
32.2545179748,-3.217,-12.105,0.306
32.2751879119,-3.217,-12.105,0.306
32.2862789058,-3.217,-12.105,0.306
32.3070039176,-3.217,-12.105,0.306
32.3306698226,-3.217,-12.105,0.306
32.3548159027,-3.217,-12.105,0.306
32.3770408058,-3.217,-12.105,0.306
32.3900629901,-3.217,-12.105,0.306
32.4100050353,-3.217,-12.105,0.306
32.4342989349,-3.217,-12.105,0.306
32.4580149078,-3.217,-12.105,0.306
32.4817468547,-3.217,-12.105,0.306
32.4989308738,-3.217,-12.105,0.306
32.5232428932,-3.217,-12.105,0.306
32.5431429767,-3.217,-12.105,0.306
32.5683228397,2.298,-11.799,-2.145
32.5847348594,2.298,-11.799,-2.145
32.6002950096,2.298,-11.799,-2.145
32.6174759292,2.298,-11.799,-2.145
32.6369130039,2.298,-11.799,-2.145
32.6613919162,2.298,-11.799,-2.145
32.6804708862,2.298,-11.799,-2.145
32.6977929496,2.298,-11.799,-2.145
33.0221750163,2.298,-11.799,-2.145
33.0479428195,2.298,-11.799,-2.145
33.0732290172,3.524,-14.25,-9.653
33.0885009193,3.524,-14.25,-9.653
33.118994894,3.524,-14.25,-9.653
33.1402558708,3.524,-14.25,-9.653
33.1627070331,3.524,-14.25,-9.653
33.1894888305,3.524,-14.25,-9.653
33.2117769145,3.524,-14.25,-9.653
33.2281889343,3.524,-14.25,-9.653
33.2468919181,3.524,-14.25,-9.653
33.2668079757,3.524,-14.25,-9.653
33.2923199558,3.524,-14.25,-9.653
33.3137769126,3.524,-14.25,-9.653
33.3354310417,3.524,-14.25,-9.653
33.3525199317,3.524,-14.25,-9.653
33.3614098453,3.524,-14.25,-9.653
33.3812429332,3.524,-14.25,-9.653
33.4013909721,3.524,-14.25,-9.653
33.4229058647,3.524,-14.25,-9.653
33.4374079132,3.524,-14.25,-9.653
33.4553968334,3.524,-14.25,-9.653
33.4824509048,3.524,-14.25,-9.653
33.6942569159,3.524,-14.25,-9.653
33.706566944,1.072,-10.266,-1.838
33.7213128947,1.072,-10.266,-1.838
33.7407699965,1.072,-10.266,-1.838
33.7624389075,1.072,-10.266,-1.838
33.7831961059,1.072,-10.266,-1.838
33.8068770312,1.072,-10.266,-1.838
33.8213209056,1.072,-10.266,-1.838
33.8410560035,1.072,-10.266,-1.838
33.8595990085,1.072,-10.266,-1.838
33.8785089396,1.072,-10.266,-1.838
33.9027720832,1.072,-10.266,-1.838
33.9171430015,1.072,-10.266,-1.838
33.933658018,1.072,-10.266,-1.838
33.9563070678,1.072,-10.266,-1.838
33.980640068,1.072,-10.266,-1.838
34.0041059398,1.072,-10.266,-1.838
34.0182730102,1.072,-10.266,-1.838
34.0401920222,1.072,-10.266,-1.838
34.0614510917,1.072,-10.266,-1.838
34.0812529468,-0.306,-7.661,-3.064
34.1006709479,-0.306,-7.661,-3.064
34.1247118853,-0.306,-7.661,-3.064
34.146086111,-0.306,-7.661,-3.064
34.1636780642,-0.306,-7.661,-3.064
34.1867510222,-0.306,-7.661,-3.064
34.5178309821,-0.306,-7.661,-3.064
34.5265079879,-0.306,-7.661,-3.064
34.5371850871,-0.306,-7.661,-3.064
34.5556548976,-0.306,-7.661,-3.064
34.5800770663,-1.072,-5.976,-1.379
34.5961240672,-1.072,-5.976,-1.379
34.6210221194,-1.072,-5.976,-1.379
34.6325820826,-1.072,-5.976,-1.379
34.6554039859,-1.072,-5.976,-1.379
34.679748907,-1.072,-5.976,-1.379
34.6900071048,-1.072,-5.976,-1.379
34.7183240794,-1.072,-5.976,-1.379
34.7349549674,-1.072,-5.976,-1.379
34.7528361224,-1.072,-5.976,-1.379
34.768583908,-1.072,-5.976,-1.379
34.7910980128,-1.072,-5.976,-1.379
34.8177789592,-1.072,-5.976,-1.379
34.8274790191,-1.072,-5.976,-1.379
34.8460890197,-1.072,-5.976,-1.379
34.8626951121,-1.072,-5.976,-1.379
34.8836480521,-1.072,-5.976,-1.379
34.8953749083,-1.072,-5.976,-1.379
34.9206160449,-1.072,-5.976,-1.379
34.9419540309,-1.072,-5.976,-1.379
34.9681300067,-1.072,-5.976,-1.379
34.9849769019,-1.072,-5.976,-1.379
35.0049380206,-1.072,-5.976,-1.379
35.3036920356,-1.072,-5.976,-1.379
35.3122860717,-1.072,-6.282,-1.532
35.3340310382,-1.072,-6.282,-1.532
35.3427180576,-1.072,-6.282,-1.532
35.3510460185,-1.072,-6.282,-1.532
35.3595818805,-1.072,-6.282,-1.532
35.3681818771,-1.072,-6.282,-1.532
35.3764030265,-1.072,-6.282,-1.532
35.3852309512,-1.072,-6.282,-1.532
35.3935920524,-1.072,-6.282,-1.532
35.4020590114,-1.072,-6.282,-1.532
35.410483055,-1.072,-6.282,-1.532
35.4240609931,-1.072,-6.282,-1.532
35.4322370815,-1.072,-6.282,-1.532
35.4436590003,-1.072,-6.282,-1.532
35.4517809676,-1.072,-6.282,-1.532
35.460096054,-1.072,-6.282,-1.532
35.4706110286,-1.072,-6.282,-1.532
35.4788860606,-1.072,-6.282,-1.532
35.4868778514,-1.072,-6.282,-1.532
35.4952849674,-1.072,-6.282,-1.532
35.5035909938,-1.072,-6.282,-1.532
35.5335869121,-1.072,-6.282,-1.532
35.5559639263,-1.072,-6.282,-1.532
35.5741009044,0.306,-13.178,0.459
35.5900010394,0.306,-13.178,0.459
35.6110679435,0.306,-13.178,0.459
35.6240488815,0.306,-13.178,0.459
35.6518348979,0.306,-13.178,0.459
35.6626610088,0.306,-13.178,0.459
35.6739188957,0.306,-13.178,0.459
35.6926659869,0.306,-13.178,0.459
35.7040380763,0.306,-13.178,0.459
35.72508996,0.306,-13.178,0.459
35.7501198577,0.306,-13.178,0.459
35.7690650749,0.306,-13.178,0.459
35.7891089248,0.306,-13.178,0.459
36.2828978824,0.306,-13.178,0.459
36.2916039752,-2.604,-9.04,0.612
36.3055090236,-2.604,-9.04,0.612
36.330732994,-2.604,-9.04,0.612
36.3430630493,-2.604,-9.04,0.612
36.3644689845,-2.604,-9.04,0.612
36.3837260532,-2.604,-9.04,0.612
36.4071690368,-2.604,-9.04,0.612
36.423368864,-2.604,-9.04,0.612
36.4488510417,-2.604,-9.04,0.612
36.4689559268,-2.604,-9.04,0.612
36.4926308917,-2.604,-9.04,0.612
36.5076879787,-2.604,-9.04,0.612
36.5326699542,-2.604,-9.04,0.612
36.5566999244,-2.604,-9.04,0.612
36.5793940353,-4.29,-14.71,-1.532
36.601149969,-4.29,-14.71,-1.532
36.6302539634,-4.29,-14.71,-1.532
36.6445879268,-4.29,-14.71,-1.532
36.6657320785,-4.29,-14.71,-1.532
36.6881238746,-4.29,-14.71,-1.532
36.7041038799,-4.29,-14.71,-1.532
36.7225109863,-4.29,-14.71,-1.532
36.7563258933,-4.29,-14.71,-1.532
37.069981985,-4.29,-14.71,-1.532
37.1011120605,2.451,-12.565,-2.604
37.1254679488,2.451,-12.565,-2.604
37.1482080745,2.451,-12.565,-2.604
37.1984130668,2.451,-12.565,-2.604
37.2540060806,2.451,-12.565,-2.604
37.2832299995,2.451,-12.565,-2.604
37.3178588676,2.451,-12.565,-2.604
37.3446900176,2.451,-12.565,-2.604
37.3790590095,2.451,-12.565,-2.604
37.4013239669,2.451,-12.565,-2.604
37.4264468479,2.451,-12.565,-2.604
37.452703886,2.451,-12.565,-2.604
37.4834470081,2.451,-12.565,-2.604
37.5101000594,2.451,-12.565,-2.604
37.5385560321,2.451,-12.565,-2.604
37.5470818805,2.451,-12.565,-2.604
37.6436659622,2.451,-12.565,-2.604
37.6892649459,0.459,-9.807,-7.508
37.7032949256,0.459,-9.807,-7.508
37.717970066,0.459,-9.807,-7.508
37.7376379299,0.459,-9.807,-7.508
37.7577270793,0.459,-9.807,-7.508
37.7791568565,0.459,-9.807,-7.508
37.8014420795,0.459,-9.807,-7.508
37.8142430114,0.459,-9.807,-7.508
37.8329290675,0.459,-9.807,-7.508
37.8527490424,0.459,-9.807,-7.508
37.8612238693,0.459,-9.807,-7.508
37.8701578903,0.459,-9.807,-7.508
37.888730936,0.459,-9.807,-7.508
37.9084479141,0.459,-9.807,-7.508
37.9281670379,0.459,-9.807,-7.508
37.9498900699,0.459,-9.807,-7.508
37.9666029739,0.459,-9.807,-7.508
37.9998800086,0.459,-9.807,-7.508
38.0165759849,0.459,-9.807,-7.508
38.0324188995,0.459,-9.807,-7.508
38.050668888,0.459,-9.807,-7.508
38.0745999145,0.459,-9.807,-7.508
38.1003729629,1.379,-9.807,-0.306
38.1157528686,1.379,-9.807,-0.306
38.1369349288,1.379,-9.807,-0.306
38.4026169109,1.379,-9.807,-0.306
38.4116699027,1.379,-9.807,-0.306
38.4250768947,1.379,-9.807,-0.306
38.4456538486,1.379,-9.807,-0.306
38.4616720008,1.379,-9.807,-0.306
38.4803489971,1.379,-9.807,-0.306
38.5029620456,1.379,-9.807,-0.306
38.5264288711,1.379,-9.807,-0.306
38.5478500652,1.379,-9.807,-0.306
38.5621499347,1.379,-9.807,-0.306
38.5831338691,-0.306,-8.581,-0.153
38.6085690784,-0.306,-8.581,-0.153
38.6292058753,-0.306,-8.581,-0.153
38.6454018878,-0.306,-8.581,-0.153
38.6666139888,-0.306,-8.581,-0.153
38.6878020095,-0.306,-8.581,-0.153
38.7113849449,-0.306,-8.581,-0.153
38.7297410297,-0.306,-8.581,-0.153
38.7507099437,-0.306,-8.581,-0.153
38.7669028568,-0.306,-8.581,-0.153
38.784421854,-0.306,-8.581,-0.153
38.8078340816,-0.306,-8.581,-0.153
38.8293439674,-0.306,-8.581,-0.153
38.8497609424,-0.306,-8.581,-0.153
38.8658298778,-0.306,-8.581,-0.153
38.8906940746,-0.306,-8.581,-0.153
39.2257630157,-0.306,-8.581,-0.153
39.2431959438,-2.298,-7.814,-0.766
39.2844309139,-2.298,-7.814,-0.766
39.3222860622,-2.298,-7.814,-0.766
39.3467540073,-2.298,-7.814,-0.766
39.3840059566,-2.298,-7.814,-0.766
39.4297909068,-2.298,-7.814,-0.766
39.4484609889,-2.298,-7.814,-0.766
39.4711970615,-2.298,-7.814,-0.766
39.4940609264,-2.298,-7.814,-0.766
39.5141898917,-2.298,-7.814,-0.766
39.5386158752,-2.298,-7.814,-0.766
39.5650219249,-2.298,-7.814,-0.766
39.5810958671,-3.371,-10.573,-1.379
39.6013559627,-3.371,-10.573,-1.379
39.6161829757,-3.371,-10.573,-1.379
39.6384419727,-3.371,-10.573,-1.379
39.6644119548,-3.371,-10.573,-1.379
39.6862088966,-3.371,-10.573,-1.379
39.7078038978,-3.371,-10.573,-1.379
39.8600619505,-3.371,-10.573,-1.379
39.868922777,-3.371,-10.573,-1.379
39.8876207541,-3.371,-10.573,-1.379
39.9091168116,-3.371,-10.573,-1.379
39.9215307902,-3.371,-10.573,-1.379
39.9433348845,-3.371,-10.573,-1.379
39.9625769327,-3.371,-10.573,-1.379
39.9817078779,-3.371,-10.573,-1.379
39.9984379481,-3.371,-10.573,-1.379
40.0230258177,-3.371,-10.573,-1.379
40.0491259764,-3.371,-10.573,-1.379
40.0724809836,-3.371,-10.573,-1.379
40.0924089621,-1.379,-7.814,0.306
40.1088607977,-1.379,-7.814,0.306
40.1436367701,-1.379,-7.814,0.306
40.1832318972,-1.379,-7.814,0.306
40.225032873,-1.379,-7.814,0.306
40.251809902,-1.379,-7.814,0.306
40.2758439253,-1.379,-7.814,0.306
40.2963069151,-1.379,-7.814,0.306
40.3108027647,-1.379,-7.814,0.306
40.3319278429,-1.379,-7.814,0.306
40.3538168143,-1.379,-7.814,0.306
40.6218238543,-1.379,-7.814,0.306
40.6313768099,0.766,-13.024,-2.298
40.6487568091,0.766,-13.024,-2.298
40.6703079413,0.766,-13.024,-2.298
40.6894918154,0.766,-13.024,-2.298
40.7096598814,0.766,-13.024,-2.298
40.7274659346,0.766,-13.024,-2.298
40.7468639086,0.766,-13.024,-2.298
40.7683768938,0.766,-13.024,-2.298
40.7949839304,0.766,-13.024,-2.298
40.8060708712,0.766,-13.024,-2.298
40.8275078009,0.766,-13.024,-2.298
40.8473368357,0.766,-13.024,-2.298
40.8691058825,0.766,-13.024,-2.298
40.8825307558,0.766,-13.024,-2.298
40.9013629626,0.766,-13.024,-2.298
40.9104729365,0.766,-13.024,-2.298
40.9190507601,0.766,-13.024,-2.298
40.9393618773,0.766,-13.024,-2.298
40.9634128283,0.766,-13.024,-2.298
40.9850218962,0.766,-13.024,-2.298
41.0056229304,0.766,-13.024,-2.298
41.0260098646,0.766,-13.024,-2.298
41.0526507567,0.766,-13.024,-2.298
41.0810399721,0.766,-13.024,-2.298
41.3773828219,3.371,-12.258,-6.435
41.3863509367,3.371,-12.258,-6.435
41.4049158762,3.371,-12.258,-6.435
41.4246018599,3.371,-12.258,-6.435
41.442792959,3.371,-12.258,-6.435
41.4680879782,3.371,-12.258,-6.435
41.4962788294,3.371,-12.258,-6.435
41.5169289778,3.371,-12.258,-6.435
41.5296848486,3.371,-12.258,-6.435
41.5512049864,3.371,-12.258,-6.435
41.5785699557,3.371,-12.258,-6.435
41.5997467707,0.919,-10.879,-0.306
41.6200547884,0.919,-10.879,-0.306
41.6337798308,0.919,-10.879,-0.306
41.6550107668,0.919,-10.879,-0.306
41.6787949274,0.919,-10.879,-0.306
41.6999297808,0.919,-10.879,-0.306
41.7201739023,0.919,-10.879,-0.306
41.7322338293,0.919,-10.879,-0.306
41.7573829363,0.919,-10.879,-0.306
41.770863838,0.919,-10.879,-0.306
41.7881599138,0.919,-10.879,-0.306
41.8038418959,0.919,-10.879,-0.306
41.8254597853,0.919,-10.879,-0.306
41.846070833,0.919,-10.879,-0.306
41.8741319845,0.919,-10.879,-0.306
42.2075968455,-0.459,-7.508,-0.766
42.2328727911,-0.459,-7.508,-0.766
42.2582488726,-0.459,-7.508,-0.766
42.2730267714,-0.459,-7.508,-0.766
42.293917961,-0.459,-7.508,-0.766
42.3159988592,-0.459,-7.508,-0.766
42.3370528887,-0.459,-7.508,-0.766
42.3506859015,-0.459,-7.508,-0.766
42.3715198706,-0.459,-7.508,-0.766
42.3894458483,-0.459,-7.508,-0.766
42.4121838282,-0.459,-7.508,-0.766
42.423034973,-0.459,-7.508,-0.766
42.4422748755,-0.459,-7.508,-0.766
42.4602249335,-0.459,-7.508,-0.766
42.4766538809,-0.459,-7.508,-0.766
42.5000558565,-0.459,-7.508,-0.766
42.5218368242,-0.459,-7.508,-0.766
42.5375259588,-0.459,-7.508,-0.766
42.588716812,-0.459,-7.508,-0.766
42.6193948458,0.153,-7.661,-1.532
42.6487367819,0.153,-7.661,-1.532
42.6810649107,0.153,-7.661,-1.532
42.8438819121,0.153,-7.661,-1.532
42.8604589175,0.153,-7.661,-1.532
42.9140868853,0.153,-7.661,-1.532
42.9336949061,0.153,-7.661,-1.532
42.9600420664,0.153,-7.661,-1.532
42.9842000674,0.153,-7.661,-1.532
43.0049780081,0.153,-7.661,-1.532
43.0248380373,0.153,-7.661,-1.532
43.045928068,0.153,-7.661,-1.532
43.0639079283,0.153,-7.661,-1.532
43.0865920256,0.153,-7.661,-1.532
43.1107800673,-1.379,-6.742,-1.992
43.1345029543,-1.379,-6.742,-1.992
43.1497710417,-1.379,-6.742,-1.992
43.172731943,-1.379,-6.742,-1.992
43.193189926,-1.379,-6.742,-1.992
43.2179039191,-1.379,-6.742,-1.992
43.2575538824,-1.379,-6.742,-1.992
43.2777629565,-1.379,-6.742,-1.992
43.3185649584,-1.379,-6.742,-1.992
43.5246320437,-1.379,-6.742,-1.992
43.5353930662,-1.379,-6.742,-1.992
43.5594649981,-1.379,-6.742,-1.992
43.5744770239,-1.379,-6.742,-1.992
43.5970249842,-0.306,-8.427,-2.911
43.623116083,-0.306,-8.427,-2.911
43.6432219218,-0.306,-8.427,-2.911
43.6668868731,-0.306,-8.427,-2.911
43.6804080675,-0.306,-8.427,-2.911
43.7047069739,-0.306,-8.427,-2.911
43.7260409067,-0.306,-8.427,-2.911
43.7464450072,-0.306,-8.427,-2.911
43.7703209589,-0.306,-8.427,-2.911
43.7806149195,-0.306,-8.427,-2.911
43.8028209875,-0.306,-8.427,-2.911
43.8224728773,-0.306,-8.427,-2.911
43.8458569716,-0.306,-8.427,-2.911
43.8619929026,-0.306,-8.427,-2.911
43.8848159979,-0.306,-8.427,-2.911
43.905882902,-0.306,-8.427,-2.911
43.9201958845,-0.306,-8.427,-2.911
43.9422329138,-0.306,-8.427,-2.911
43.9622519682,-0.306,-8.427,-2.911
43.982190914,-0.306,-8.427,-2.911
43.9995949934,-0.306,-8.427,-2.911
44.3124149512,-0.306,-8.427,-2.911
44.3237810801,-1.379,-12.565,-3.83
44.3352850149,-1.379,-12.565,-3.83
44.3640080164,-1.379,-12.565,-3.83
44.383678026,-1.379,-12.565,-3.83
44.4060090254,-1.379,-12.565,-3.83
44.4145420264,-1.379,-12.565,-3.83
44.4286928843,-1.379,-12.565,-3.83
44.4463279913,-1.379,-12.565,-3.83
44.4666290949,-1.379,-12.565,-3.83
44.4852350424,-1.379,-12.565,-3.83
44.5068560313,-1.379,-12.565,-3.83
44.5292580794,-1.379,-12.565,-3.83
44.547952957,-1.379,-12.565,-3.83
44.5774920653,-1.379,-12.565,-3.83
44.5964549254,-1.532,-7.814,2.758
44.6101470659,-1.532,-7.814,2.758
44.6328950594,-1.532,-7.814,2.758
44.6559439371,-1.532,-7.814,2.758
44.6850000094,-1.532,-7.814,2.758
44.7036779593,-1.532,-7.814,2.758
44.7495980929,-1.532,-7.814,2.758
44.7744980524,-1.532,-7.814,2.758
44.7901659678,-1.532,-7.814,2.758
44.8088670443,-1.532,-7.814,2.758
45.1084891031,-1.532,-7.814,2.758
45.1193540762,0.612,-12.258,-1.838
45.1427889536,0.612,-12.258,-1.838
45.1619640063,0.612,-12.258,-1.838
45.1921680639,0.612,-12.258,-1.838
45.2136409949,0.612,-12.258,-1.838
45.2319639395,0.612,-12.258,-1.838
45.2548080157,0.612,-12.258,-1.838
45.2749911021,0.612,-12.258,-1.838
45.314528055,0.612,-12.258,-1.838
45.3358970354,0.612,-12.258,-1.838
45.3594520758,0.612,-12.258,-1.838
45.3951061629,0.612,-12.258,-1.838
45.4200690649,0.612,-12.258,-1.838
45.4419151209,0.612,-12.258,-1.838
45.4663852118,0.612,-12.258,-1.838
45.4796150587,0.612,-12.258,-1.838
45.5014422797,0.612,-12.258,-1.838
45.5219031237,0.612,-12.258,-1.838
45.5506211184,0.612,-12.258,-1.838
45.5755082034,0.612,-12.258,-1.838
45.595194187,0.766,-10.879,-1.992
45.8028012179,0.766,-10.879,-1.992
45.8190971278,0.766,-10.879,-1.992
45.8417132758,0.766,-10.879,-1.992
45.8672471903,0.766,-10.879,-1.992
45.8800102137,0.766,-10.879,-1.992
45.8940471075,0.766,-10.879,-1.992
45.929871168,0.766,-10.879,-1.992
45.9766002558,0.766,-10.879,-1.992
46.0129552744,0.766,-10.879,-1.992
46.038628187,0.766,-10.879,-1.992
46.0794502161,0.766,-10.879,-1.992
46.102478113,0.919,-10.879,-1.225
46.1194291972,0.919,-10.879,-1.225
46.1367212199,0.919,-10.879,-1.225
46.1596141718,0.919,-10.879,-1.225
46.1748481654,0.919,-10.879,-1.225
46.1838310622,0.919,-10.879,-1.225
46.1990621947,0.919,-10.879,-1.225
46.2193151377,0.919,-10.879,-1.225
46.2426381968,0.919,-10.879,-1.225
46.2596991919,0.919,-10.879,-1.225
46.2849510573,0.919,-10.879,-1.225
46.4644192122,0.919,-10.879,-1.225
46.4768422507,0.919,-10.879,-1.225
46.4956301115,0.919,-10.879,-1.225
46.5197730921,0.919,-10.879,-1.225
46.548707094,0.919,-10.879,-1.225
46.5819071196,0.919,-10.879,-1.225
46.5981622599,-1.685,-7.048,-1.992
46.618800249,-1.685,-7.048,-1.992
46.6448982619,-1.685,-7.048,-1.992
46.6716061495,-1.685,-7.048,-1.992
46.6924711131,-1.685,-7.048,-1.992
46.7012391947,-1.685,-7.048,-1.992
46.7151170634,-1.685,-7.048,-1.992
46.7479122542,-1.685,-7.048,-1.992
46.769659128,-1.685,-7.048,-1.992
46.7892681025,-1.685,-7.048,-1.992
46.81660017,-1.685,-7.048,-1.992
46.8410311602,-1.685,-7.048,-1.992
46.8656381033,-1.685,-7.048,-1.992
46.8938251399,-1.685,-7.048,-1.992
46.9193452261,-1.685,-7.048,-1.992
46.9453152083,-1.685,-7.048,-1.992
47.1909831427,-1.685,-7.048,-1.992
47.2003250979,0.306,-7.814,-1.532
47.2156761549,0.306,-7.814,-1.532
47.2331920527,0.306,-7.814,-1.532
47.2599881552,0.306,-7.814,-1.532
47.2743712328,0.306,-7.814,-1.532
47.2936931513,0.306,-7.814,-1.532
47.30254611,0.306,-7.814,-1.532
47.3117001913,0.306,-7.814,-1.532
47.3212982081,0.306,-7.814,-1.532
47.3306651972,0.306,-7.814,-1.532
47.3413661383,0.306,-7.814,-1.532
47.3655482195,0.306,-7.814,-1.532
47.3754981421,0.306,-7.814,-1.532
47.3840752505,0.306,-7.814,-1.532
47.3950351141,0.306,-7.814,-1.532
47.4039271735,0.306,-7.814,-1.532
47.4127071761,0.306,-7.814,-1.532
47.4218812846,0.306,-7.814,-1.532
47.4522961043,0.306,-7.814,-1.532
47.4724641703,0.306,-7.814,-1.532
47.5105150603,0.306,-7.814,-1.532
47.5404880904,0.306,-7.814,-1.532
47.5762201212,0.306,-7.814,-1.532
47.611548271,0,-7.202,-0.459
47.6367240809,0,-7.202,-0.459
47.6661601923,0,-7.202,-0.459
48.0179661941,0,-7.202,-0.459
48.0271372031,0,-7.202,-0.459
48.0439902972,0,-7.202,-0.459
48.0644051265,0,-7.202,-0.459
48.0899442863,0,-7.202,-0.459
48.1093711089,-0.153,-7.661,1.992
48.1354231071,-0.153,-7.661,1.992
48.1501061153,-0.153,-7.661,1.992
48.1688672733,-0.153,-7.661,1.992
48.192951126,-0.153,-7.661,1.992
48.2121741008,-0.153,-7.661,1.992
48.2353600692,-0.153,-7.661,1.992
48.2506500911,-0.153,-7.661,1.992
48.2745651435,-0.153,-7.661,1.992
48.2862700652,-0.153,-7.661,1.992
48.3064612579,-0.153,-7.661,1.992
48.3303312492,-0.153,-7.661,1.992
48.3485640716,-0.153,-7.661,1.992
48.3649203014,-0.153,-7.661,1.992
48.3863290977,-0.153,-7.661,1.992
48.4082421493,-0.153,-7.661,1.992
48.4349490833,-0.153,-7.661,1.992
48.4534632396,-0.153,-7.661,1.992
48.4660090636,-0.153,-7.661,1.992
48.4919692706,-0.153,-7.661,1.992
48.5088991355,-0.153,-7.661,1.992
48.8117052745,-0.153,-7.661,1.992
48.821585102,-0.612,-10.113,-1.532
48.8388201427,-0.612,-10.113,-1.532
48.8616501521,-0.612,-10.113,-1.532
48.8820811938,-0.612,-10.113,-1.532
48.9059862327,-0.612,-10.113,-1.532
48.9307531547,-0.612,-10.113,-1.532
48.9542721938,-0.612,-10.113,-1.532
48.9659971427,-0.612,-10.113,-1.532
49.0051161479,-0.612,-10.113,-1.532
49.0466422271,-0.612,-10.113,-1.532
49.0816761684,-0.612,-10.113,-1.532
49.1257032584,-1.992,-9.5,1.838
49.1454712581,-1.992,-9.5,1.838
49.1686121654,-1.992,-9.5,1.838
49.1906902026,-1.992,-9.5,1.838
49.2085632514,-1.992,-9.5,1.838
49.2264022063,-1.992,-9.5,1.838
49.250331087,-1.992,-9.5,1.838
49.2719852161,-1.992,-9.5,1.838
49.2932631206,-1.992,-9.5,1.838
49.5052911472,-1.992,-9.5,1.838
49.5178691577,-1.992,-9.5,1.838
49.543114109,-1.992,-9.5,1.838
49.5711831283,-1.992,-9.5,1.838
49.5885380935,1.532,-12.565,-1.225
49.6095451545,1.532,-12.565,-1.225
49.6659242343,1.532,-12.565,-1.225
49.7023340892,1.532,-12.565,-1.225
49.718264265,1.532,-12.565,-1.225
49.7373902034,1.532,-12.565,-1.225
49.7590791415,1.532,-12.565,-1.225
49.7763632964,1.532,-12.565,-1.225
49.8050722312,1.532,-12.565,-1.225
49.8202971648,1.532,-12.565,-1.225
49.8457051944,1.532,-12.565,-1.225
49.8675572108,1.532,-12.565,-1.225
49.8911561202,1.532,-12.565,-1.225
49.9185911845,1.532,-12.565,-1.225
49.9353052806,1.532,-12.565,-1.225
49.9668502044,1.532,-12.565,-1.225
49.9900001716,1.532,-12.565,-1.225
50.2070652675,1.532,-12.565,-1.225
50.2300841045,4.75,-10.726,-7.661
50.2453521919,4.75,-10.726,-7.661
50.2555922698,4.75,-10.726,-7.661
50.2835761737,4.75,-10.726,-7.661
50.3080140781,4.75,-10.726,-7.661
50.3220462035,4.75,-10.726,-7.661
50.3419341277,4.75,-10.726,-7.661
50.3631371688,4.75,-10.726,-7.661
50.3846382331,4.75,-10.726,-7.661
50.4039050769,4.75,-10.726,-7.661
50.4306961726,4.75,-10.726,-7.661
50.4504391383,4.75,-10.726,-7.661
50.4755601119,4.75,-10.726,-7.661
50.4942871761,4.75,-10.726,-7.661
50.5167502593,4.75,-10.726,-7.661
50.5507082175,4.75,-10.726,-7.661
50.5701181125,4.75,-10.726,-7.661
50.5967892837,4.75,-10.726,-7.661
50.6192061137,0.612,-9.807,-0.153
50.6382211875,0.612,-9.807,-0.153
50.6569561195,0.612,-9.807,-0.153
50.6841801833,0.612,-9.807,-0.153
50.9675561809,0.612,-9.807,-0.153
50.9761602306,0.612,-9.807,-0.153
50.9875633144,0.612,-9.807,-0.153
51.0094613456,0.612,-9.807,-0.153
51.0342864417,0.612,-9.807,-0.153
51.0559234046,0.612,-9.807,-0.153
51.0709363841,0.612,-9.807,-0.153
51.0992702865,-0.766,-8.427,-1.992
51.116072359,-0.766,-8.427,-1.992
51.1336292648,-0.766,-8.427,-1.992
51.1578623676,-0.766,-8.427,-1.992
51.1719264411,-0.766,-8.427,-1.992
51.1805743598,-0.766,-8.427,-1.992
51.1991912746,-0.766,-8.427,-1.992
51.2184163951,-0.766,-8.427,-1.992
51.2389144325,-0.766,-8.427,-1.992
51.2598144435,-0.766,-8.427,-1.992
51.2825052165,-0.766,-8.427,-1.992
51.3025593185,-0.766,-8.427,-1.992
51.3291763687,-0.766,-8.427,-1.992
51.3485583686,-0.766,-8.427,-1.992
51.3671612167,-0.766,-8.427,-1.992
51.3908113861,-0.766,-8.427,-1.992
51.4126624488,-0.766,-8.427,-1.992
51.4309443855,-0.766,-8.427,-1.992
51.7468575954,-0.766,-8.427,-1.992
51.7557956695,0.766,-8.427,0
51.7718226432,0.766,-8.427,0
51.7866105556,0.766,-8.427,0
51.8148715019,0.766,-8.427,0
51.8314134597,0.766,-8.427,0
51.8532006263,0.766,-8.427,0
51.8746635437,0.766,-8.427,0
51.8874136924,0.766,-8.427,0
51.9106435298,0.766,-8.427,0
51.926717472,0.766,-8.427,0
51.9533254623,0.766,-8.427,0
51.9685315609,0.766,-8.427,0
51.9783336639,0.766,-8.427,0
51.9909045219,0.766,-8.427,0
52.01122756,0.766,-8.427,0
52.0317415714,0.766,-8.427,0
52.0560025692,0.766,-8.427,0
52.0871746063,0.766,-8.427,0
52.1092705249,-2.451,-7.355,-1.379
52.1323785305,-2.451,-7.355,-1.379
52.1621975421,-2.451,-7.355,-1.379
52.1805545806,-2.451,-7.355,-1.379
52.2051345825,-2.451,-7.355,-1.379
52.2374925136,-2.451,-7.355,-1.379
52.5485515594,-2.451,-7.355,-1.379
52.5729396343,-2.451,-7.355,-1.379
52.5921235085,0.612,-9.347,-1.532
52.6108715534,0.612,-9.347,-1.532
52.6358795166,0.612,-9.347,-1.532
52.6576955318,0.612,-9.347,-1.532
52.671236515,0.612,-9.347,-1.532
52.6925106049,0.612,-9.347,-1.532
52.7165675163,0.612,-9.347,-1.532
52.7378365993,0.612,-9.347,-1.532
52.7495186329,0.612,-9.347,-1.532
52.7715845108,0.612,-9.347,-1.532
52.7889385223,0.612,-9.347,-1.532
52.8140006065,0.612,-9.347,-1.532
52.8316936493,0.612,-9.347,-1.532
52.8526175022,0.612,-9.347,-1.532
52.8776316643,0.612,-9.347,-1.532
52.8968815804,0.612,-9.347,-1.532
52.9220476151,0.612,-9.347,-1.532
52.9432384968,0.612,-9.347,-1.532
52.9594926834,0.612,-9.347,-1.532
52.9863436222,0.612,-9.347,-1.532
53.0018997192,0.612,-9.347,-1.532
53.0122206211,0.612,-9.347,-1.532
53.0341696739,0.612,-9.347,-1.532
53.3051695919,0.612,-9.347,-1.532
53.3338446713,-3.217,-10.879,-3.064
53.3525545693,-3.217,-10.879,-3.064
53.3754227257,-3.217,-10.879,-3.064
53.4029746151,-3.217,-10.879,-3.064
53.4229726887,-3.217,-10.879,-3.064
53.4486236668,-3.217,-10.879,-3.064
53.4697496986,-3.217,-10.879,-3.064
53.4919865227,-3.217,-10.879,-3.064
53.5139935112,-3.217,-10.879,-3.064
53.532680521,-3.217,-10.879,-3.064
53.5626206493,-3.217,-10.879,-3.064
53.60537652,-3.83,-8.427,-4.597
53.6281915091,-3.83,-8.427,-4.597
53.6669335745,-3.83,-8.427,-4.597
53.686047592,-3.83,-8.427,-4.597
53.7116365812,-3.83,-8.427,-4.597
53.7348995588,-3.83,-8.427,-4.597
53.7608645342,-3.83,-8.427,-4.597
53.7844815634,-3.83,-8.427,-4.597
53.9982056997,-3.83,-8.427,-4.597
54.0074365519,-3.83,-8.427,-4.597
54.031504669,-3.83,-8.427,-4.597
54.0513334654,-3.83,-8.427,-4.597
54.0766556642,-3.83,-8.427,-4.597
54.1066944979,-2.298,-7.355,-6.435
54.1268806837,-2.298,-7.355,-6.435
54.1507366083,-2.298,-7.355,-6.435
54.1691155813,-2.298,-7.355,-6.435
54.1921675585,-2.298,-7.355,-6.435
54.2163954161,-2.298,-7.355,-6.435
54.2405195616,-2.298,-7.355,-6.435
54.2658646486,-2.298,-7.355,-6.435
54.2874155424,-2.298,-7.355,-6.435
54.3026836298,-2.298,-7.355,-6.435
54.3223364733,-2.298,-7.355,-6.435
54.3457475088,-2.298,-7.355,-6.435
54.367478647,-2.298,-7.355,-6.435
54.3904385946,-2.298,-7.355,-6.435
54.4065726183,-2.298,-7.355,-6.435
54.4225774191,-2.298,-7.355,-6.435
54.4444516085,-2.298,-7.355,-6.435
54.472117462,-2.298,-7.355,-6.435
54.4883005999,-2.298,-7.355,-6.435
54.7583835504,0.153,-8.427,-5.976
54.7817676447,0.153,-8.427,-5.976
54.8033824346,0.153,-8.427,-5.976
54.826385536,0.153,-8.427,-5.976
54.8505266092,0.153,-8.427,-5.976
54.8657906435,0.153,-8.427,-5.976
54.8873246096,0.153,-8.427,-5.976
54.9116034887,0.153,-8.427,-5.976
54.9316306494,0.153,-8.427,-5.976
54.9599454782,0.153,-8.427,-5.976
54.9803564928,0.153,-8.427,-5.976
55.0070665262,0.153,-8.427,-5.976
55.0514526938,0.153,-8.427,-5.976
55.0640376185,0.153,-8.427,-5.976
55.0874376867,2.298,-7.202,-7.508
55.1165185545,2.298,-7.202,-7.508
55.1394546602,2.298,-7.202,-7.508
55.1619375322,2.298,-7.202,-7.508
55.18574172,2.298,-7.202,-7.508
55.2101426695,2.298,-7.202,-7.508
55.2260575865,2.298,-7.202,-7.508
55.2454956148,2.298,-7.202,-7.508
55.4818637751,2.298,-7.202,-7.508
55.4966836355,2.298,-7.202,-7.508
55.5238128088,2.298,-7.202,-7.508
55.5757797144,2.298,-7.202,-7.508
55.5962527178,1.532,-8.121,-6.589
55.6390507601,1.532,-8.121,-6.589
55.6768117331,1.532,-8.121,-6.589
55.7309487436,1.532,-8.121,-6.589
55.7510917757,1.532,-8.121,-6.589
55.773500738,1.532,-8.121,-6.589
55.8142867659,1.532,-8.121,-6.589
55.8332727526,1.532,-8.121,-6.589
55.8496277903,1.532,-8.121,-6.589
55.8672166441,1.532,-8.121,-6.589
55.8888497923,1.532,-8.121,-6.589
55.9193776224,1.532,-8.121,-6.589
55.9399397944,1.532,-8.121,-6.589
55.963783798,1.532,-8.121,-6.589
56.0800127122,1.532,-8.121,-6.589
56.0939885709,1.072,-7.968,-5.209
56.1172887417,1.072,-7.968,-5.209
56.1432997319,1.072,-7.968,-5.209
56.1580337617,1.072,-7.968,-5.209
56.1744696232,1.072,-7.968,-5.209
56.198670778,1.072,-7.968,-5.209
56.22074357,1.072,-7.968,-5.209
56.2449747655,1.072,-7.968,-5.209
56.2612105939,1.072,-7.968,-5.209
56.2813116643,1.072,-7.968,-5.209
56.3022085759,1.072,-7.968,-5.209
56.328093681,1.072,-7.968,-5.209
56.3532206151,1.072,-7.968,-5.209
56.3726226422,1.072,-7.968,-5.209
56.3921157452,1.072,-7.968,-5.209
56.4173115822,1.072,-7.968,-5.209
56.438279781,1.072,-7.968,-5.209
56.4511627289,1.072,-7.968,-5.209
56.4734717938,1.072,-7.968,-5.209
56.4991687867,1.072,-7.968,-5.209
56.5262645814,1.072,-7.968,-5.209
56.5408007237,1.072,-7.968,-5.209
56.5593625638,1.072,-7.968,-5.209
56.8396545979,1.072,-7.968,-5.209
56.8487197491,1.072,-7.508,-5.976
56.8712257477,1.072,-7.508,-5.976
56.8980807397,1.072,-7.508,-5.976
56.9329985711,1.072,-7.508,-5.976
56.9611116978,1.072,-7.508,-5.976
56.9852477643,1.072,-7.508,-5.976
57.0130757424,1.072,-7.508,-5.976
57.0434197518,1.072,-7.508,-5.976
57.0721677872,1.072,-7.508,-5.976
57.093538675,0.459,-7.661,-7.355
57.1282576653,0.459,-7.661,-7.355
57.1655606362,0.459,-7.661,-7.355
57.1893467042,0.459,-7.661,-7.355
57.2199896905,0.459,-7.661,-7.355
57.2518786523,0.459,-7.661,-7.355
57.2786907288,0.459,-7.661,-7.355
57.3046886059,0.459,-7.661,-7.355
57.3251527878,0.459,-7.661,-7.355
57.5777067088,0.459,-7.661,-7.355
57.5938116454,1.072,-7.202,-6.129
57.6026305102,1.072,-7.202,-6.129
57.615821495,1.072,-7.202,-6.129
57.650624647,1.072,-7.202,-6.129
57.6782456778,1.072,-7.202,-6.129
57.7103866481,1.072,-7.202,-6.129
57.7384096526,1.072,-7.202,-6.129
57.7762855433,1.072,-7.202,-6.129
57.8184625052,1.072,-7.202,-6.129
57.8408385657,1.072,-7.202,-6.129
57.8958145522,1.072,-7.202,-6.129
57.9299396419,1.072,-7.202,-6.129
57.9493876838,1.072,-7.202,-6.129
57.9591926478,1.072,-7.202,-6.129
58.000333681,1.072,-7.202,-6.129
58.035879507,1.072,-7.202,-6.129
58.1709816454,1.072,-7.202,-6.129
58.181427717,0.766,-7.508,-6.589
58.2016496656,0.766,-7.508,-6.589
58.2128996847,0.766,-7.508,-6.589
58.2354876993,0.766,-7.508,-6.589
58.257378578,0.766,-7.508,-6.589
58.2760045526,0.766,-7.508,-6.589
58.2962026594,0.766,-7.508,-6.589
58.3189315794,0.766,-7.508,-6.589
58.3303725717,0.766,-7.508,-6.589
58.3389635084,0.766,-7.508,-6.589
58.3594646452,0.766,-7.508,-6.589
58.372580528,0.766,-7.508,-6.589
58.3946135042,0.766,-7.508,-6.589
58.4209065435,0.766,-7.508,-6.589
58.4356346128,0.766,-7.508,-6.589
58.4539406297,0.766,-7.508,-6.589
58.4771785734,0.766,-7.508,-6.589
58.4952967165,0.766,-7.508,-6.589
58.521477699,0.766,-7.508,-6.589
58.54086256,0.766,-7.508,-6.589
58.5743706224,0.766,-7.508,-6.589
58.6115326879,0.766,-7.508,-6.589
58.6402447221,0.766,-7.508,-6.589
58.8665866372,0.766,-7.508,-6.589
58.8817417142,0.766,-7.508,-6.589
58.9010695932,0.766,-7.508,-6.589
58.925290775,0.766,-7.508,-6.589
58.9451057431,0.766,-7.508,-6.589
58.9751126287,0.766,-7.508,-6.589
58.9977786061,0.766,-7.508,-6.589
59.0133747575,0.766,-7.508,-6.589
59.0299257752,0.766,-7.508,-6.589
59.0388466832,0.766,-7.508,-6.589
59.0476066587,0.766,-7.508,-6.589
59.0561947343,0.766,-7.508,-6.589
59.0651986119,0.766,-7.508,-6.589
59.0790986535,0.766,-7.508,-6.589
59.0878777024,1.072,-7.355,-6.129
59.0963997361,1.072,-7.355,-6.129
59.1051706788,1.072,-7.355,-6.129
59.1185125825,1.072,-7.355,-6.129
59.1270997045,1.072,-7.355,-6.129
59.1361596105,1.072,-7.355,-6.129
59.1452226159,1.072,-7.355,-6.129
59.1539146421,1.072,-7.355,-6.129
59.1636957643,1.072,-7.355,-6.129
59.1859488008,1.072,-7.355,-6.129
59.1948418138,1.072,-7.355,-6.129
59.2037918088,1.072,-7.355,-6.129
59.2124197003,1.072,-7.355,-6.129
59.2214016435,1.072,-7.355,-6.129
59.2301427838,1.072,-7.355,-6.129
59.2391016004,1.072,-7.355,-6.129
59.2480017659,1.072,-7.355,-6.129
59.2566067693,1.072,-7.355,-6.129
59.2654766557,1.072,-7.355,-6.129
59.276794624,1.072,-7.355,-6.129
59.285753679,1.072,-7.355,-6.129
59.2946435926,1.072,-7.355,-6.129
59.3033146379,1.072,-7.355,-6.129
59.3120686528,1.072,-7.355,-6.129
59.3210577485,1.072,-7.355,-6.129
59.3299266812,1.072,-7.355,-6.129
59.3391797063,1.072,-7.355,-6.129
59.3480686662,1.072,-7.355,-6.129
59.3565167901,1.072,-7.355,-6.129
59.9432225511,1.072,-7.355,-6.129
59.9665766046,0.766,-7.355,-6.282
59.9842455671,0.766,-7.355,-6.282
60.0147667215,0.766,-7.355,-6.282
60.0349726961,0.766,-7.355,-6.282
60.0517995642,0.766,-7.355,-6.282
60.0788345621,0.766,-7.355,-6.282
60.0979435728,0.459,-7.048,-6.589
60.1492207334,0.459,-7.048,-6.589
60.1970367716,0.459,-7.048,-6.589
60.2383337305,0.459,-7.048,-6.589
60.2837696359,0.459,-7.048,-6.589
60.3083465383,0.459,-7.048,-6.589
60.3303656862,0.459,-7.048,-6.589
60.3527367399,0.459,-7.048,-6.589
60.3784637735,0.459,-7.048,-6.589
60.3930456922,0.459,-7.048,-6.589
60.4024715708,0.459,-7.048,-6.589
60.4164006994,0.459,-7.048,-6.589
60.5758705423,0.459,-7.048,-6.589
60.6016226099,0.459,-7.048,-6.589
60.6292605684,1.072,-7.355,-6.589
60.6461105631,1.072,-7.355,-6.589
60.6548805521,1.072,-7.355,-6.589
60.6692357347,1.072,-7.355,-6.589
60.6981487558,1.072,-7.355,-6.589
60.721960573,1.072,-7.355,-6.589
60.7487147138,1.072,-7.355,-6.589
60.7775087641,1.072,-7.355,-6.589
60.8065805719,1.072,-7.355,-6.589
60.8287077234,1.072,-7.355,-6.589
60.8530986593,1.072,-7.355,-6.589
60.8747136877,1.072,-7.355,-6.589
60.8994896696,1.072,-7.355,-6.589
60.9271185682,1.072,-7.355,-6.589
60.9520607279,1.072,-7.355,-6.589
60.9780686186,1.072,-7.355,-6.589
61.0031166361,1.072,-7.355,-6.589
61.0293445871,1.072,-7.355,-6.589
61.0569837377,1.072,-7.355,-6.589
61.3340237425,1.072,-7.355,-6.589
61.3431115435,1.379,-7.508,-7.508
61.358730583,1.379,-7.508,-7.508
61.3814797685,1.379,-7.508,-7.508
61.3988776491,1.379,-7.508,-7.508
61.4163396643,1.379,-7.508,-7.508
61.4370906637,1.379,-7.508,-7.508
61.4568336294,1.379,-7.508,-7.508
61.4782276438,1.379,-7.508,-7.508
61.4984295652,1.379,-7.508,-7.508
61.5160816,1.379,-7.508,-7.508
61.5374796675,1.379,-7.508,-7.508
61.5624876306,1.379,-7.508,-7.508
61.5867457674,1.379,-7.508,-7.508
61.6112537668,0.919,-7.355,-5.516
61.6310217665,0.919,-7.355,-5.516
61.6482696817,0.919,-7.355,-5.516
61.6720667169,0.919,-7.355,-5.516
61.7073867605,0.919,-7.355,-5.516
61.7234916971,0.919,-7.355,-5.516
61.7566266344,0.919,-7.355,-5.516
61.7839017198,0.919,-7.355,-5.516
61.8234606073,0.919,-7.355,-5.516
62.0631447122,0.919,-7.355,-5.516
62.0738566206,0.919,-7.355,-5.516
62.0979116247,0.919,-7.355,-5.516
62.1241877363,0.919,-8.121,-5.822
62.1472835825,0.919,-8.121,-5.822
62.1634676741,0.919,-8.121,-5.822
62.1846556948,0.919,-8.121,-5.822
62.2098965929,0.919,-8.121,-5.822
62.2307167337,0.919,-8.121,-5.822
62.2539506243,0.919,-8.121,-5.822
62.2803406999,0.919,-8.121,-5.822
62.2891335771,0.919,-8.121,-5.822
62.2984726713,0.919,-8.121,-5.822
62.3215966509,0.919,-8.121,-5.822
62.3441527174,0.919,-8.121,-5.822
62.3571987436,0.919,-8.121,-5.822
62.3777675913,0.919,-8.121,-5.822
62.4019546793,0.919,-8.121,-5.822
62.4240505979,0.919,-8.121,-5.822
62.4473285959,0.919,-8.121,-5.822
62.4655106352,0.919,-8.121,-5.822
62.4865846918,0.919,-8.121,-5.822
62.507507591,0.919,-8.121,-5.822
62.5311756418,0.919,-8.121,-5.822
62.554461746,0.919,-8.121,-5.822
62.8547365949,0.919,-8.121,-5.822
62.869866638,0.612,-7.968,-6.129
62.9214847372,0.612,-7.968,-6.129
62.9405076788,0.612,-7.968,-6.129
62.9624836729,0.612,-7.968,-6.129
62.9823096083,0.612,-7.968,-6.129
63.000620632,0.612,-7.968,-6.129
63.0171096609,0.612,-7.968,-6.129
63.042429714,0.612,-7.968,-6.129
63.0624347017,0.612,-7.968,-6.129
63.0911176489,0.612,-7.968,-6.129
63.1168346689,1.072,-7.508,-7.048
63.1437027738,1.072,-7.508,-7.048
63.1677587316,1.072,-7.508,-7.048
63.189950733,1.072,-7.508,-7.048
63.2147856043,1.072,-7.508,-7.048
63.2361595915,1.072,-7.508,-7.048
63.2519536302,1.072,-7.508,-7.048
63.2725255773,1.072,-7.508,-7.048
63.2938297079,1.072,-7.508,-7.048
63.3191817091,1.072,-7.508,-7.048
63.3434975431,1.072,-7.508,-7.048
63.6122126863,1.072,-7.508,-7.048
63.6221425817,0.919,-7.508,-6.129
63.6397126005,0.919,-7.508,-6.129
63.6662855432,0.919,-7.508,-6.129
63.6891897009,0.919,-7.508,-6.129
63.7100177095,0.919,-7.508,-6.129
63.7323077009,0.919,-7.508,-6.129
63.7558505819,0.919,-7.508,-6.129
63.7750635431,0.919,-7.508,-6.129
63.7953186319,0.919,-7.508,-6.129
63.8164427564,0.919,-7.508,-6.129
63.8386276052,0.919,-7.508,-6.129
63.8619697378,0.919,-7.508,-6.129
63.8795147226,0.919,-7.508,-6.129
63.8977587507,0.919,-7.508,-6.129
63.9193756864,0.919,-7.508,-6.129
63.934420614,0.919,-7.508,-6.129
63.9653365896,0.919,-7.508,-6.129
63.9950106428,0.919,-7.508,-6.129
64.0166166113,0.919,-7.508,-6.129
64.0412636087,0.919,-7.508,-6.129
64.0816805647,0.919,-7.508,-6.129
64.3375675771,0.766,-7.508,-6.435
64.3469145391,0.766,-7.508,-6.435
64.3669486139,0.766,-7.508,-6.435
64.3865344618,0.766,-7.508,-6.435
64.4093966577,0.766,-7.508,-6.435
64.4321434591,0.766,-7.508,-6.435
64.4453535173,0.766,-7.508,-6.435
64.4696786497,0.766,-7.508,-6.435
64.4902696703,0.766,-7.508,-6.435
64.514684448,0.766,-7.508,-6.435
64.5360176656,0.766,-7.508,-6.435
64.550612459,0.766,-7.508,-6.435
64.5763905142,0.766,-7.508,-6.435
64.6066224668,0.766,-7.508,-6.435
64.6398015115,1.379,-7.355,-6.895
64.6684856508,1.379,-7.355,-6.895
64.6910235975,1.379,-7.355,-6.895
64.7118845079,1.379,-7.355,-6.895
64.7317924593,1.379,-7.355,-6.895
64.7574396227,1.379,-7.355,-6.895
64.7805636022,1.379,-7.355,-6.895
64.8000125978,1.379,-7.355,-6.895
64.8175866697,1.379,-7.355,-6.895
65.0648746584,1.379,-7.355,-6.895
65.0740625951,1.379,-7.355,-6.895
65.0970835779,1.379,-7.355,-6.895
65.1336846445,0.766,-7.048,-6.589
65.1708686445,0.766,-7.048,-6.589
65.2133295629,0.766,-7.048,-6.589
65.2313165758,0.766,-7.048,-6.589
65.2604885194,0.766,-7.048,-6.589
65.2773685548,0.766,-7.048,-6.589
65.3047926519,0.766,-7.048,-6.589
65.3315866087,0.766,-7.048,-6.589
65.3524525259,0.766,-7.048,-6.589
65.3668425176,0.766,-7.048,-6.589
65.3876216505,0.766,-7.048,-6.589
65.408886442,0.766,-7.048,-6.589
65.4256966207,0.766,-7.048,-6.589
65.4502804372,0.766,-7.048,-6.589
65.4696464632,0.766,-7.048,-6.589
65.4815244768,0.766,-7.048,-6.589
65.5039866064,0.766,-7.048,-6.589
65.5255596731,0.766,-7.048,-6.589
65.5503745172,0.766,-7.048,-6.589
65.7347075269,0.766,-7.048,-6.589
