Time, mag
6.06262588501,-0.26074887753
6.08449006081,-0.26074887753
6.23079299927,-0.26074887753
6.24575996399,-0.26074887753
6.26939702034,-0.26074887753
6.29205203056,-0.26074887753
6.3091108799,-0.26074887753
6.31698298454,-0.26074887753
6.32797598839,-0.26074887753
6.34965205193,-0.26074887753
6.37910795212,-0.26074887753
6.4014480114,-0.26074887753
6.43585586548,-0.26074887753
6.454185009,-0.26074887753
6.47911500931,-0.26074887753
6.49719786644,-0.26074887753
6.52225089073,-0.26074887753
6.54617905617,-0.26074887753
6.57556796074,-0.152779083969
6.59428191185,-0.0448092904074
6.60226392746,0.0631605031537
6.62268185616,0.171130296715
6.64556002617,0.171130296715
6.67345690727,0.171130296715
6.69335889816,0.171130296715
6.72195696831,0.171130296715
6.95701384544,0.171130296715
6.96536183357,0.171130296715
6.98658895493,0.171130296715
6.99483799934,0.171130296715
7.01619291306,0.171130296715
7.04076004028,0.171130296715
7.06314086914,0.170837113796
7.07877492905,0.170543930877
7.09814500809,0.170250747959
7.10894584656,0.16995756504
7.13226604462,0.16995756504
7.15484786034,0.16995756504
7.16658592224,0.16995756504
7.18699193001,0.16995756504
7.20181083679,0.16995756504
7.22411203384,0.16995756504
7.23920202255,0.16995756504
7.25641989708,0.16995756504
7.28282785416,0.16995756504
7.29918599129,0.16995756504
7.31598091125,0.16995756504
7.33216905594,0.16995756504
7.34777593613,0.16995756504
7.36790990829,0.16995756504
7.38976883888,0.16995756504
7.40898489952,0.16995756504
7.42274188995,0.16995756504
7.43994498253,0.16995756504
7.74657297134,0.16995756504
7.76371097565,-0.0380471219834
7.77829790115,-0.107382017658
7.79596185684,-0.142049465495
7.81631684303,-0.246051809007
7.83310294151,-0.246051809007
7.84977388382,-0.246051809007
7.87530684471,-0.246051809007
7.89168691635,-0.246051809007
7.90512895584,-0.246051809007
7.94162106514,-0.246051809007
7.97838783264,-0.246051809007
7.99664998055,-0.246051809007
8.01352286339,-0.246051809007
8.04853105545,-0.246051809007
8.07411599159,-0.143222541847
8.09651684761,-0.040393274688
8.10806298256,0.0624359924715
8.1301009655,0.165265259631
8.15035796165,0.165265259631
8.16724491119,0.165265259631
8.19405794144,0.165265259631
8.22365498543,0.165265259631
8.44202804565,0.165265259631
8.45090198517,0.165265259631
8.459004879,0.165265259631
8.4681520462,0.165265259631
8.47863602638,0.165265259631
8.48658299446,0.165265259631
8.49479293823,0.165265259631
8.5028090477,0.165265259631
8.5111989975,0.165265259631
8.51915192604,0.165265259631
8.5269818306,0.165265259631
8.54605388641,0.165265259631
8.55955696106,0.0640052920221
8.56759786606,-0.0372546755868
8.58942890167,-0.138514643196
8.59915685654,-0.239774610805
8.60697197914,-0.239774610805
8.62967991829,-0.239774610805
8.64207601547,-0.239774610805
8.66577100754,-0.239774610805
8.67614889145,-0.239774610805
8.69967603683,-0.239774610805
8.7147629261,-0.237436737352
8.73780202866,-0.2350988639
8.76341485977,-0.232760990448
8.78233504295,-0.230423116995
8.80279183388,-0.230423116995
8.8180668354,-0.230423116995
8.8431289196,-0.230423116995
8.86175298691,-0.230423116995
8.87719392776,-0.230423116995
8.90769696236,-0.230423116995
9.26323699951,-0.230423116995
9.2714650631,-0.186005451403
9.28570699692,-0.171199562872
9.3009519577,-0.163796618606
9.31694483757,-0.14158778581
9.33916783333,-0.14158778581
9.36098003387,-0.14158778581
9.38308787346,-0.14158778581
9.40139389038,-0.14158778581
9.41906285286,-0.14158778581
9.44123387337,-0.14158778581
9.46269202232,-0.14158778581
9.4839348793,-0.14158778581
9.50349092484,-0.14158778581
9.51633095741,-0.14158778581
9.53878498077,-0.14158778581
9.56148099899,-0.0604841292072
9.57986783981,0.0206195273956
9.5959148407,0.101723183998
9.61699390411,0.182826840601
9.64233183861,0.182826840601
9.66201496124,0.182826840601
9.68474388123,0.182826840601
9.70185089111,0.182826840601
9.71782302856,0.182826840601
9.74143791199,0.182826840601
9.75787687302,0.182826840601
10.0392758846,0.182826840601
10.0540189743,0.397853541555
10.0621159077,0.46952910854
10.0713009834,0.505366892032
10.093517065,0.612880242509
10.13159585,0.612880242509
10.1737940311,0.612880242509
10.2210178375,0.612880242509
10.2425098419,0.612880242509
10.2638199329,0.612880242509
10.2775139809,0.612880242509
10.2919118404,0.612880242509
10.3129980564,0.612880242509
10.3329260349,0.612880242509
10.3528468609,0.612880242509
10.3761498928,0.612880242509
10.3967359066,0.612880242509
10.4240078926,0.612880242509
10.4480779171,0.612880242509
10.468214035,0.612880242509
10.4787340164,0.612880242509
10.501513958,0.612880242509
10.7471370506,0.612880242509
10.7551810551,0.292975672778
10.7829460907,0.186340816201
10.8006980228,0.133023387913
10.8207959938,-0.0269288969528
10.838779192,-0.0269288969528
10.8532340336,-0.0269288969528
10.8703791904,-0.0269288969528
10.8913872051,-0.0269288969528
10.9120042133,-0.0269288969528
10.9349741745,-0.0269288969528
10.9552991199,-0.0269288969528
10.9664270687,-0.0269288969528
10.988357048,-0.0269288969528
11.0124780941,-0.0269288969528
11.034844141,-0.0269288969528
11.0601641941,-0.0269288969528
11.0727212238,0.14140289067
11.0925261783,0.309734678294
11.1163689899,0.478066465917
11.1378891277,0.64639825354
11.1506130504,0.64639825354
11.1705469894,0.64639825354
11.1860251236,0.64639825354
11.194290142,0.64639825354
11.2319152164,0.64639825354
11.4967372227,0.64639825354
11.5210180092,0.64639825354
11.5460831928,0.64639825354
11.5650582123,0.606261998036
11.589167099,0.566125742532
11.6172420788,0.525989487028
11.630329113,0.485853231524
11.6503181267,0.485853231524
11.6711091804,0.485853231524
11.692157011,0.485853231524
11.7131061363,0.485853231524
11.727934103,0.485853231524
11.7517540264,0.485853231524
11.7711300659,0.485853231524
11.7963230419,0.485853231524
11.8132710266,0.485853231524
11.8318600464,0.485853231524
11.8555171299,0.485853231524
11.8767649936,0.485853231524
11.8979990291,0.485853231524
11.9092731285,0.485853231524
11.9293701458,0.485853231524
11.9558691788,0.485853231524
12.2664191532,0.485853231524
12.2746200371,0.407865954031
12.2959730434,0.381870194866
12.3135580826,0.368872315284
12.3334660339,0.329878676538
12.3605491924,0.329878676538
12.4049711036,0.329878676538
12.4224090385,0.329878676538
12.4393830108,0.329878676538
12.4628071594,0.329878676538
12.484515171,0.329878676538
12.5055880356,0.329878676538
12.5168151665,0.329878676538
12.5373542118,0.329878676538
12.5641422081,0.454323775678
12.5841600704,0.578768874819
12.6018910217,0.703213973959
12.6260042,0.8276590731
12.6366011905,0.8276590731
12.6582422066,0.8276590731
12.6847049999,0.8276590731
12.7038621712,0.8276590731
12.7150440025,0.8276590731
12.737559061,0.8276590731
12.7598690796,0.8276590731
12.997004013,0.8276590731
13.0096781063,0.8276590731
13.0330190468,0.8276590731
13.0565399933,0.8276590731
13.0810911465,0.585379090028
13.0979740429,0.343099106956
13.1126451301,0.100819123884
13.134761076,-0.141460859188
13.1626720238,-0.141460859188
13.1792170811,-0.141460859188
13.1993841934,-0.141460859188
13.2104341793,-0.141460859188
13.2320191669,-0.141460859188
13.2562920856,-0.141460859188
13.2785460758,-0.141460859188
13.2945270347,-0.141460859188
13.3138601589,-0.141460859188
13.3293571281,-0.141460859188
13.3450920391,-0.141460859188
13.3675420093,-0.141460859188
13.3909530449,-0.141460859188
13.4072871017,-0.141460859188
13.4352710056,-0.141460859188
13.4555392074,-0.141460859188
13.4774792003,-0.141460859188
13.7858152199,-0.141460859188
13.8011400509,0.210269979016
13.8183460045,0.327513591751
13.828101139,0.386135398119
13.850223999,0.562000817221
13.873086195,0.562000817221
13.8997900295,0.562000817221
13.9153141784,0.562000817221
13.9301020908,0.562000817221
13.9466090011,0.562000817221
13.970956068,0.562000817221
13.9905710029,0.562000817221
14.0051381397,0.562000817221
14.021118145,0.562000817221
14.0478400993,0.562000817221
14.0916161346,0.286353888585
14.1161150741,0.0107069599483
14.1517841625,-0.264939968688
14.1866781521,-0.540586897324
14.1943981457,-0.540586897324
14.2077901172,-0.540586897324
14.2326950836,-0.540586897324
14.2470202255,-0.540586897324
14.263894062,-0.540586897324
14.4480230617,-0.540586897324
14.4569611358,-0.540586897324
14.4787590313,-0.540586897324
14.4940311718,-0.540586897324
14.51601408,-0.540586897324
14.5258800793,-0.540586897324
14.5337810325,-0.540586897324
14.5522470283,-0.540586897324
14.5744201946,-0.587524575454
14.5903889942,-0.634462253583
14.6054432201,-0.681399931713
14.6310980129,-0.728337609842
14.6541960048,-0.728337609842
14.6707219887,-0.728337609842
14.691921215,-0.728337609842
14.7081501293,-0.728337609842
14.7296922016,-0.728337609842
14.7533590603,-0.728337609842
14.7719251919,-0.728337609842
14.7878761101,-0.728337609842
14.8124902057,-0.728337609842
14.8327431488,-0.728337609842
14.8579799938,-0.728337609842
14.8773181248,-0.728337609842
14.9030701923,-0.728337609842
14.9192681122,-0.728337609842
14.9416851806,-0.728337609842
15.2427019882,-0.728337609842
15.2510671425,-0.246384998199
15.2694182205,-0.0857341276519
15.2955200481,-0.00540869237809
15.315394144,0.235567613443
15.3300730991,0.235567613443
15.3580930042,0.235567613443
15.3730971622,0.235567613443
15.3947171974,0.235567613443
15.4155220794,0.235567613443
15.4266581344,0.235567613443
15.4489531326,0.235567613443
15.4717161465,0.235567613443
15.4975821781,0.235567613443
15.5109782028,0.235567613443
15.5303251552,0.235567613443
15.5484270859,0.235567613443
15.5565171051,0.0367842116215
15.5706410217,-0.1619991902
15.5832040119,-0.360782592022
15.6018822002,-0.559565993844
15.6228060531,-0.559565993844
15.6417171764,-0.559565993844
15.6634361553,-0.559565993844
15.6803741264,-0.559565993844
15.7013611603,-0.559565993844
15.7252871799,-0.559565993844
15.7368461895,-0.559565993844
16.0638220119,-0.559565993844
16.0722710895,-0.475348967172
16.0980222034,-0.447276624948
16.1341011333,-0.433240453836
16.174576025,-0.3911319405
16.1933960724,-0.3911319405
16.2109551239,-0.3911319405
16.2491371441,-0.3911319405
16.2771360683,-0.3911319405
16.3029711056,-0.3911319405
16.328899126,-0.3911319405
16.3599400329,-0.3911319405
16.3866710472,-0.3911319405
16.4045891571,-0.3911319405
16.4130689907,-0.3911319405
16.4262292194,-0.3911319405
16.4490110683,-0.3911319405
16.4771301555,-0.3911319405
16.5074741649,-0.3911319405
16.5323130894,-0.3911319405
16.5578791904,-0.283996216141
16.7003361988,0.0374109569352
16.7167370128,0.0374109569352
16.7447941112,0.0374109569352
16.7698440361,0.0374109569352
16.7925250339,0.0374109569352
16.8144721794,0.0374109569352
16.8340930748,0.0374109569352
16.8843831825,0.0374109569352
16.9122681427,0.0374109569352
16.9295601654,0.0374109569352
16.9615812111,0.0374109569352
16.9885501671,0.0374109569352
17.006761055,0.0374109569352
17.0194010544,0.0374109569352
17.0430722046,0.0374109569352
17.0641250419,-0.0292778469479
17.0894481945,-0.095966650831
17.108565073,-0.162655454714
17.1249902057,-0.229344258597
17.1479251194,-0.229344258597
17.1676339912,-0.229344258597
17.3572220611,-0.229344258597
17.369550209,-0.229344258597
17.3946101475,-0.229344258597
17.4049200821,-0.229344258597
17.4262790489,-0.229344258597
17.4415139961,-0.229344258597
17.4610490608,-0.229344258597
17.4798970032,-0.229344258597
17.4985871124,-0.229344258597
17.5174290943,-0.229344258597
17.5448322105,-0.229344258597
17.5643381882,-0.30293755404
17.5878801155,-0.376530849483
17.6019441891,-0.450124144926
17.62204216,-0.523717440369
17.6450321483,-0.523717440369
17.6618740368,-0.523717440369
17.6791961002,-0.523717440369
17.7025940227,-0.523717440369
17.7237441349,-0.523717440369
17.7442781734,-0.523717440369
17.7660331535,-0.523717440369
17.7834679889,-0.523717440369
17.7962560463,-0.523717440369
17.8242890644,-0.523717440369
17.8444931316,-0.523717440369
18.1493351269,-0.523717440369
18.1593630123,-0.448104669942
18.1803800869,-0.422900413133
18.2027761745,-0.410298284729
18.2274560737,-0.372491899515
18.2690291214,-0.372491899515
18.2855980205,-0.372491899515
18.2948751259,-0.372491899515
18.337710123,-0.372491899515
18.3493900108,-0.372491899515
18.3712210464,-0.372491899515
18.3903031158,-0.372491899515
18.410232048,-0.372491899515
18.4373380947,-0.372491899515
18.4565720367,-0.372491899515
18.4705290603,-0.372491899515
18.4944741535,-0.372491899515
18.5130731869,-0.372491899515
18.5414700317,-0.372491899515
18.5632731724,-0.387152839302
18.5830189991,-0.401813779089
18.6034490871,-0.416474718875
18.6249501514,-0.431135658662
18.8466979789,-0.431135658662
18.8580571937,-0.431135658662
18.8789099979,-0.431135658662
18.8940631675,-0.431135658662
18.9095660972,-0.431135658662
18.9352840709,-0.431135658662
18.9555191325,-0.431135658662
18.9680740165,-0.431135658662
18.9874460029,-0.431135658662
19.0078601169,-0.431135658662
19.0247370529,-0.431135658662
19.0501910972,-0.431135658662
19.0696431922,-0.272936924618
19.0899020957,-0.114738190573
19.1067220496,0.0434605434715
19.1302351283,0.201659277516
19.1581901836,0.201659277516
19.1718730258,0.201659277516
19.1876470374,0.201659277516
19.211304121,0.201659277516
19.2302440929,0.201659277516
19.2580420303,0.201659277516
19.2785410213,0.201659277516
19.3004950809,0.201659277516
19.312889986,0.201659277516
19.3328229713,0.201659277516
19.6056501197,0.201659277516
19.6141170787,0.368243599814
19.6223191547,0.423771707247
19.644842081,0.451535760963
19.6651000308,0.534827922112
19.6768841075,0.534827922112
19.6848890113,0.534827922112
19.6937631893,0.534827922112
19.7112349796,0.534827922112
19.7298211383,0.534827922112
19.749261074,0.534827922112
19.7720541286,0.534827922112
19.7895461845,0.534827922112
19.8098069953,0.534827922112
19.8353251743,0.534827922112
19.8590280341,0.534827922112
19.879807167,0.534827922112
19.8994621562,0.534827922112
19.9218100833,0.534827922112
19.9350711631,0.534827922112
19.9527971076,0.534827922112
19.9610490131,0.534827922112
19.9722050952,0.534827922112
19.9933580684,0.534827922112
20.014662199,0.534827922112
20.036873989,0.534827922112
20.0671262073,0.509198309787
20.0889381694,0.483568697461
20.4020680713,0.43230947281
20.4148392009,0.43230947281
20.4355770873,0.43230947281
20.4514710235,0.43230947281
20.4707509803,0.43230947281
20.4933630752,0.43230947281
20.5016390609,0.43230947281
20.5338651466,0.43230947281
20.5496119785,0.43230947281
20.5603710937,0.597073845575
20.5692621993,0.761838218339
20.5776061343,0.926602591104
20.5862030315,1.09136696387
20.5957040119,1.09136696387
20.6041681098,1.09136696387
20.6135851669,1.09136696387
20.6223160552,1.09136696387
20.6311580467,1.09136696387
20.6405081081,1.09136696387
20.649372034,1.09136696387
20.6579891967,1.09136696387
20.6690229701,1.09136696387
20.6774300861,1.09136696387
20.6855019855,1.09136696387
20.6939241218,1.09136696387
20.702042036,1.09136696387
20.7106270122,1.09136696387
20.720500164,1.09136696387
20.7294401454,1.09136696387
20.7551872062,1.09136696387
20.7716051864,1.09136696387
20.8035611438,1.09136696387
20.8115209865,1.09136696387
20.8402740287,1.09136696387
20.8497101592,1.09136696387
20.873021059,1.09136696387
20.8837332057,1.09136696387
21.2822341251,1.09136696387
21.2931989955,0.857666923133
21.3073751258,0.779766909555
21.3288461494,0.740816902766
21.3479611205,0.623966882398
21.368147068,0.623966882398
21.3960511016,0.623966882398
21.4133991527,0.623966882398
21.4359139728,0.623966882398
21.4472271728,0.623966882398
21.4717540073,0.623966882398
21.4812580871,0.623966882398
21.5041031169,0.623966882398
21.5230161475,0.623966882398
21.5457591342,0.623966882398
21.5619451331,-0.17863600553
21.5840160178,-0.981238893458
21.5936362075,-1.78384178139
21.6176411437,-2.58644466931
21.6363071727,-2.58644466931
21.6594111251,-2.58644466931
21.6757160949,-2.58644466931
21.7015029716,-2.58644466931
21.7211591529,-2.58644466931
21.7453681754,-2.58644466931
21.7656690406,-2.58644466931
22.0407690334,-2.58644466931
22.0519220161,-2.58644466931
22.0612901973,-2.68315075781
22.0832011031,-2.73150380206
22.1015741157,-2.80403336843
22.1239210891,-2.8765629348
22.1441151428,-2.8765629348
22.1625661182,-2.8765629348
22.189143114,-2.8765629348
22.2136120128,-2.8765629348
22.228456192,-2.8765629348
22.2472960281,-2.8765629348
22.2703210639,-2.8765629348
22.2898442077,-2.8765629348
22.3055230903,-2.8765629348
22.3332139777,-2.8765629348
22.3528770732,-2.8765629348
22.3761541175,-2.8765629348
22.3967232036,-2.8765629348
22.4121410178,-2.8765629348
22.4438540267,-2.8765629348
22.4595751094,-2.8765629348
22.4854029941,-2.8765629348
22.5053700733,-2.8765629348
22.7983650493,-2.8765629348
22.8069631385,-2.6248188055
22.8245550918,-2.54090409573
22.8562771606,-2.49894674085
22.8724331188,-2.3730746762
22.887905054,-2.3730746762
22.9119991588,-2.3730746762
22.9306260871,-2.3730746762
22.9554690646,-2.3730746762
22.9637281226,-2.3730746762
22.9758550453,-2.3730746762
22.9869841861,-2.3730746762
23.008605175,-2.3730746762
23.0327340888,-2.3730746762
23.0588461685,-2.3730746762
23.0811161327,-0.912284321908
23.104808979,0.548506032382
23.1221441554,2.00929638667
23.1555589961,3.47008674096
23.1699151325,3.47008674096
23.1892430114,3.47008674096
23.2102581786,3.47008674096
23.2301229762,3.47008674096
23.2551521587,3.47008674096
23.2674271392,3.47008674096
23.2856630611,3.47008674096
23.5894471931,3.47008674096
23.6011611747,1.74418291194
23.6204551982,1.16888163559
23.6400641727,0.881230997423
23.6631280708,0.0182790829099
23.6859940814,0.0182790829099
23.7103611755,0.0182790829099
23.728873186,0.0182790829099
23.7422820854,0.0182790829099
23.7641360092,0.0182790829099
23.7832700538,0.0182790829099
23.8020471858,0.0182790829099
23.8171901035,0.0182790829099
23.836304121,0.0182790829099
23.8632120418,0.0182790829099
23.8845099735,0.0182790829099
23.9035200404,0.0182790829099
23.9276961612,0.0182790829099
23.9434730338,0.0182790829099
23.9691101837,0.0182790829099
23.9944772052,0.0182790829099
24.0070599841,0.0182790829099
24.0258390235,0.0182790829099
24.0472051429,0.0182790829099
24.0678700733,0.131445840177
24.0860440063,0.244612597444
24.3932999896,0.470946111978
24.4122480678,0.470946111978
24.4308630752,0.470946111978
24.4527191448,0.470946111978
24.4791161346,0.470946111978
24.5040900039,0.470946111978
24.5208269882,0.470946111978
24.5300721454,0.470946111978
24.538934164,0.470946111978
24.5647520351,0.470946111978
24.6062959956,0.721755860677
24.6278030204,0.972565609375
24.6518441963,1.22337535807
24.6802651214,1.47418510677
24.7152962016,1.47418510677
24.7392520236,1.47418510677
24.7589821147,1.47418510677
24.786458187,1.47418510677
24.8078131007,1.47418510677
24.8253130245,1.47418510677
24.8546890544,1.47418510677
24.8779219913,1.47418510677
25.1208710002,1.47418510677
25.1394790935,0.378393394902
25.1525430011,0.013129490945
25.1707710552,-0.169502461033
25.1943640041,-0.717398316969
25.2091030406,-0.717398316969
25.2251931953,-0.717398316969
25.2474560069,-0.717398316969
25.267706089,-0.717398316969
25.2933871078,-0.717398316969
25.3079489993,-0.717398316969
25.3292021083,-0.717398316969
25.3505670356,-0.717398316969
25.3692411708,-0.717398316969
25.3776289748,-0.717398316969
25.3857051658,-0.717398316969
25.4057680892,-0.717398316969
25.4214979934,-0.717398316969
25.4447440433,-0.717398316969
25.4694551753,-0.717398316969
25.4886681365,-0.717398316969
25.515422039,-0.717398316969
25.5370091724,-0.717398316969
25.5622770118,-0.717398316969
25.5799180793,-0.53169156606
25.5944451618,-0.345984815151
25.8768460082,0.0254286866672
25.8852500247,0.0254286866672
25.9170820045,0.0254286866672
25.9305769729,0.0254286866672
25.9440771865,0.0254286866672
25.9635400104,0.0254286866672
25.9783410358,0.0254286866672
25.9989041614,0.0254286866672
26.0230140018,0.0254286866672
26.0469350147,0.0254286866672
26.0709511566,-0.61336729308
26.1031240749,-1.25216327283
26.1326271819,-1.89095925257
26.1558021831,-2.52975523232
26.1739050674,-2.52975523232
26.1821979808,-2.52975523232
26.2022001075,-2.52975523232
26.2355851459,-2.52975523232
26.2621230411,-2.52975523232
26.294111185,-2.52975523232
26.3223790454,-2.52975523232
26.3432471084,-2.52975523232
26.6121100616,-2.52975523232
26.6198171806,-2.10097777356
26.6422971915,-1.95805195398
26.6701502036,-1.88658904419
26.7003909778,-1.67220031481
26.7363111209,-1.67220031481
26.7784711551,-1.67220031481
26.8025950622,-1.67220031481
26.8605910968,-1.67220031481
26.8974971008,-1.67220031481
26.9368859958,-1.67220031481
26.9687451553,-1.67220031481
27.00130908,-1.67220031481
27.0300211143,-1.67220031481
27.0605041217,-1.67220031481
27.0860950183,-1.67220031481
27.1474351119,-1.67220031481
27.164455099,-1.67220031481
27.1823310088,-1.67220031481
27.2113069724,-1.67220031481
27.2194840144,-1.67220031481
27.2611159515,-1.67220031481
27.2941550445,-1.67220031481
27.3437110614,-1.67220031481
27.3804091644,-0.457949243715
27.399776144,0.756301827377
27.412501974,1.97055289847
27.4519809913,3.18480396956
27.4676291179,3.18480396956
27.4904770087,3.18480396956
27.5058190059,3.18480396956
27.5211590957,3.18480396956
27.5292929839,3.18480396956
27.5393420886,3.18480396956
27.5657049846,3.18480396956
27.5847510528,2.26544124007
27.6001819801,1.34607851058
27.6225289535,0.426715781097
27.6361459922,-0.492646948391
27.8437720966,-0.492646948391
27.8566781711,-0.492646948391
27.8805650901,-0.492646948391
27.9005190562,-0.492646948391
27.9143990707,-0.492646948391
27.9428071212,-0.492646948391
27.9593791198,-0.492646948391
27.9762090873,-0.492646948391
27.9973479938,-0.492646948391
28.008602066,-0.492646948391
28.0310560893,-0.492646948391
28.0589961242,-0.492646948391
28.0799731445,0.0881617171006
28.1049610805,0.668970382592
28.1243089866,1.24977904808
28.1474861335,1.83058771358
28.1700500678,1.83058771358
28.1811081599,1.83058771358
28.2017630767,1.83058771358
28.2137569617,1.83058771358
28.2341691684,1.83058771358
28.2526671123,1.83058771358
28.270661993,1.83058771358
28.2938200664,1.83058771358
28.313533945,1.83058771358
28.3368980121,1.83058771358
28.6653360557,1.83058771358
28.677369995,3.73123110133
28.6930309962,4.36477889725
28.701584978,4.68155279521
28.7149869632,5.63187448909
28.7273420524,5.63187448909
28.7502140235,5.63187448909
28.7757260036,5.63187448909
28.7895001601,5.63187448909
28.8145860862,5.63187448909
28.8381871413,5.63187448909
28.8820411395,5.63187448909
28.897551937,5.63187448909
28.9217089843,5.63187448909
28.9644850921,5.63187448909
28.9834951591,5.63187448909
29.0048250388,5.63187448909
29.026445074,5.63187448909
29.0526341628,5.63187448909
29.0752000045,4.28994670804
29.0924410056,2.94801892699
29.1165589523,1.60609114593
29.1353539657,0.264163364878
29.1558739375,0.264163364878
29.335459156,0.264163364878
29.3613061141,0.264163364878
29.3787609767,0.264163364878
29.3963290881,0.264163364878
29.4186319541,0.264163364878
29.4385821056,0.264163364878
29.4659990501,0.264163364878
29.4788550567,0.264163364878
29.5021290015,0.264163364878
29.5225960445,0.264163364878
29.5507001209,0.264163364878
29.5752929973,-0.229089204956
29.6046649837,-0.722341774789
29.6265229606,-1.21559434462
29.6654478931,-1.70884691446
29.7031418704,-1.70884691446
29.7172350311,-1.70884691446
29.7384249591,-1.70884691446
29.7568239593,-1.70884691446
29.7742878818,-1.70884691446
29.8021118068,-1.70884691446
29.8224670314,-1.70884691446
30.0368248844,-1.70884691446
30.0570499324,-1.70884691446
30.0784749412,-1.96635467456
30.101525011,-2.09510855461
30.1463639163,-2.28823937469
30.1882948303,-2.48137019477
30.2327298545,-2.48137019477
30.2523140335,-2.48137019477
30.2737199687,-2.48137019477
30.2975689792,-2.48137019477
30.3136078739,-2.48137019477
30.3319308185,-2.48137019477
30.352202835,-2.48137019477
30.3711509132,-2.48137019477
30.3962740325,-2.48137019477
30.4142789268,-2.48137019477
30.4331340217,-2.48137019477
30.4594640159,-2.48137019477
30.4801198863,-2.48137019477
30.5048479461,-2.48137019477
30.7201508903,-2.48137019477
30.7348288917,-2.79264265909
30.7471939945,-2.8964001472
30.7668079757,-2.94827889125
30.7852320098,-3.10391512341
30.8078948879,-3.10391512341
30.8281988525,-3.10391512341
30.8445839309,-3.10391512341
30.8601660156,-3.10391512341
30.8829049491,-3.10391512341
30.9035238647,-3.10391512341
30.9308299446,-3.10391512341
30.9627689742,-3.10391512341
30.9964479827,-3.10391512341
31.0497939014,-3.10391512341
31.0831720256,-1.48137875476
31.1034869575,0.141157613903
31.1311280155,1.76369398256
31.1515209102,3.38623035122
31.1661118888,3.38623035122
31.187236967,3.38623035122
31.209208908,3.38623035122
31.4159559631,3.38623035122
31.4308928871,3.38623035122
31.4471268081,3.38623035122
31.4652428054,3.38623035122
31.4852768802,3.38623035122
31.5076200389,3.38623035122
31.5216228389,3.38623035122
31.5448269271,3.38623035122
31.5678648376,2.63599165241
31.5889930152,1.88575295359
31.610557022,1.13551425478
31.6364550018,0.385275555965
31.6486730003,0.385275555965
31.6737779998,0.385275555965
31.6889118575,0.385275555965
31.7102879905,0.385275555965
31.7201709175,0.385275555965
31.7427968406,0.385275555965
31.7639598274,0.385275555965
31.7816469097,0.385275555965
31.7979759597,0.385275555965
31.8206359767,0.385275555965
31.8454188728,0.385275555965
31.865388813,0.385275555965
31.8766660118,0.385275555965
31.8969668769,0.385275555965
32.2049350166,0.385275555965
32.2139219665,1.55677180155
32.2340378189,1.94727055007
32.2545179748,2.14251992434
32.2751879119,2.72826804713
32.2862789058,2.72826804713
32.3070039176,2.72826804713
32.3306698226,2.72826804713
32.3548159027,2.72826804713
32.3770408058,2.72826804713
32.3900629901,2.72826804713
32.4100050353,2.72826804713
32.4342989349,2.72826804713
32.4580149078,2.72826804713
32.4817468547,2.72826804713
32.4989308738,2.72826804713
32.5232428932,2.72826804713
32.5431429767,2.72826804713
32.5683228397,2.64868356139
32.5847348594,2.56909907565
32.6002950096,2.48951458992
32.6174759292,2.40993010418
32.6369130039,2.40993010418
32.6613919162,2.40993010418
32.6804708862,2.40993010418
32.6977929496,2.40993010418
33.0221750163,2.40993010418
33.0479428195,2.40993010418
33.0732290172,4.19599205737
33.0885009193,5.08902303396
33.118994894,6.42856949885
33.1402558708,7.76811596374
33.1627070331,7.76811596374
33.1894888305,7.76811596374
33.2117769145,7.76811596374
33.2281889343,7.76811596374
33.2468919181,7.76811596374
33.2668079757,7.76811596374
33.2923199558,7.76811596374
33.3137769126,7.76811596374
33.3354310417,7.76811596374
33.3525199317,7.76811596374
33.3614098453,7.76811596374
33.3812429332,7.76811596374
33.4013909721,7.76811596374
33.4229058647,7.76811596374
33.4374079132,7.76811596374
33.4553968334,7.76811596374
33.4824509048,7.76811596374
33.6942569159,7.76811596374
33.706566944,4.22582739448
33.7213128947,3.04506453806
33.7407699965,2.45468310985
33.7624389075,0.683538825215
33.7831961059,0.683538825215
33.8068770312,0.683538825215
33.8213209056,0.683538825215
33.8410560035,0.683538825215
33.8595990085,0.683538825215
33.8785089396,0.683538825215
33.9027720832,0.683538825215
33.9171430015,0.683538825215
33.933658018,0.683538825215
33.9563070678,0.683538825215
33.980640068,0.683538825215
34.0041059398,0.683538825215
34.0182730102,0.683538825215
34.0401920222,0.683538825215
34.0614510917,0.683538825215
34.0812529468,0.126660302482
34.1006709479,-0.43021822025
34.1247118853,-0.987096742982
34.146086111,-1.54397526571
34.1636780642,-1.54397526571
34.1867510222,-1.54397526571
34.5178309821,-1.54397526571
34.5265079879,-1.54397526571
34.5371850871,-1.54397526571
34.5556548976,-1.54397526571
34.5800770663,-2.05163705079
34.5961240672,-2.55929883587
34.6210221194,-3.06696062094
34.6325820826,-3.57462240602
34.6554039859,-3.57462240602
34.679748907,-3.57462240602
34.6900071048,-3.57462240602
34.7183240794,-3.57462240602
34.7349549674,-3.57462240602
34.7528361224,-3.57462240602
34.768583908,-3.57462240602
34.7910980128,-3.57462240602
34.8177789592,-3.57462240602
34.8274790191,-3.57462240602
34.8460890197,-3.57462240602
34.8626951121,-3.57462240602
34.8836480521,-3.57462240602
34.8953749083,-3.57462240602
34.9206160449,-3.57462240602
34.9419540309,-3.57462240602
34.9681300067,-3.57462240602
34.9849769019,-3.57462240602
35.0049380206,-3.57462240602
35.3036920356,-3.57462240602
35.3122860717,-3.41045175665
35.3340310382,-3.35572820686
35.3427180576,-3.32836643196
35.3510460185,-3.24628110727
35.3595818805,-3.24628110727
35.3681818771,-3.24628110727
35.3764030265,-3.24628110727
35.3852309512,-3.24628110727
35.3935920524,-3.24628110727
35.4020590114,-3.24628110727
35.410483055,-3.24628110727
35.4240609931,-3.24628110727
35.4322370815,-3.24628110727
35.4436590003,-3.24628110727
35.4517809676,-3.24628110727
35.460096054,-3.24628110727
35.4706110286,-3.24628110727
35.4788860606,-3.24628110727
35.4868778514,-3.24628110727
35.4952849674,-3.24628110727
35.5035909938,-3.24628110727
35.5335869121,-3.24628110727
35.5559639263,-3.24628110727
35.5741009044,-1.58748761972
35.5900010394,0.0713058678257
35.6110679435,1.73009935537
35.6240488815,3.38889284292
35.6518348979,3.38889284292
35.6626610088,3.38889284292
35.6739188957,3.38889284292
35.6926659869,3.38889284292
35.7040380763,3.38889284292
35.72508996,3.38889284292
35.7501198577,3.38889284292
35.7690650749,3.38889284292
35.7891089248,3.38889284292
36.2828978824,3.38889284292
36.2916039752,1.50785105323
36.3055090236,0.880837123333
36.330732994,0.567330158384
36.3430630493,-0.373190736463
36.3644689845,-0.373190736463
36.3837260532,-0.373190736463
36.4071690368,-0.373190736463
36.423368864,-0.373190736463
36.4488510417,-0.373190736463
36.4689559268,-0.373190736463
36.4926308917,-0.373190736463
36.5076879787,-0.373190736463
36.5326699542,-0.373190736463
36.5566999244,-0.373190736463
36.5793940353,1.11974371196
36.601149969,2.61267816038
36.6302539634,4.1056126088
36.6445879268,5.59854705721
36.6657320785,5.59854705721
36.6881238746,5.59854705721
36.7041038799,5.59854705721
36.7225109863,5.59854705721
36.7563258933,5.59854705721
37.069981985,5.59854705721
37.1011120605,4.43093676019
37.1254679488,4.04173332785
37.1482080745,3.84713161168
37.1984130668,3.26332646317
37.2540060806,3.26332646317
37.2832299995,3.26332646317
37.3178588676,3.26332646317
37.3446900176,3.26332646317
37.3790590095,3.26332646317
37.4013239669,3.26332646317
37.4264468479,3.26332646317
37.452703886,3.26332646317
37.4834470081,3.26332646317
37.5101000594,3.26332646317
37.5385560321,3.26332646317
37.5470818805,3.26332646317
37.6436659622,3.26332646317
37.6892649459,3.087215344
37.7032949256,2.91110422484
37.717970066,2.73499310567
37.7376379299,2.55888198651
37.7577270793,2.55888198651
37.7791568565,2.55888198651
37.8014420795,2.55888198651
37.8142430114,2.55888198651
37.8329290675,2.55888198651
37.8527490424,2.55888198651
37.8612238693,2.55888198651
37.8701578903,2.55888198651
37.888730936,2.55888198651
37.9084479141,2.55888198651
37.9281670379,2.55888198651
37.9498900699,2.55888198651
37.9666029739,2.55888198651
37.9998800086,2.55888198651
38.0165759849,2.55888198651
38.0324188995,2.55888198651
38.050668888,2.55888198651
38.0745999145,2.55888198651
38.1003729629,1.94605060927
38.1157528686,1.33321923203
38.1369349288,0.720387854797
38.4026169109,0.107556477559
38.4116699027,0.107556477559
38.4250768947,0.107556477559
38.4456538486,0.107556477559
38.4616720008,0.107556477559
38.4803489971,0.107556477559
38.5029620456,0.107556477559
38.5264288711,0.107556477559
38.5478500652,0.107556477559
38.5621499347,0.107556477559
38.5831338691,-0.222540443061
38.6085690784,-0.552637363681
38.6292058753,-0.8827342843
38.6454018878,-1.21283120492
38.6666139888,-1.21283120492
38.6878020095,-1.21283120492
38.7113849449,-1.21283120492
38.7297410297,-1.21283120492
38.7507099437,-1.21283120492
38.7669028568,-1.21283120492
38.784421854,-1.21283120492
38.8078340816,-1.21283120492
38.8293439674,-1.21283120492
38.8497609424,-1.21283120492
38.8658298778,-1.21283120492
38.8906940746,-1.21283120492
39.2257630157,-1.21283120492
39.2431959438,-1.41631946151
39.2844309139,-1.48414888038
39.3222860622,-1.51806358981
39.3467540073,-1.61980771811
39.3840059566,-1.61980771811
39.4297909068,-1.61980771811
39.4484609889,-1.61980771811
39.4711970615,-1.61980771811
39.4940609264,-1.61980771811
39.5141898917,-1.61980771811
39.5386158752,-1.61980771811
39.5650219249,-1.61980771811
39.5810958671,-0.869333618304
39.6013559627,-0.118859518503
39.6161829757,0.631614581298
39.6384419727,1.3820886811
39.6644119548,1.3820886811
39.6862088966,1.3820886811
39.7078038978,1.3820886811
39.8600619505,1.3820886811
39.868922777,1.3820886811
39.8876207541,1.3820886811
39.9091168116,1.3820886811
39.9215307902,1.3820886811
39.9433348845,1.3820886811
39.9625769327,1.3820886811
39.9817078779,1.3820886811
39.9984379481,1.3820886811
40.0230258177,1.3820886811
40.0491259764,1.3820886811
40.0724809836,1.3820886811
40.0924089621,0.571566106278
40.1088607977,-0.238956468543
40.1436367701,-1.04947904336
40.1832318972,-1.86000161818
40.225032873,-1.86000161818
40.251809902,-1.86000161818
40.2758439253,-1.86000161818
40.2963069151,-1.86000161818
40.3108027647,-1.86000161818
40.3319278429,-1.86000161818
40.3538168143,-1.86000161818
40.6218238543,-1.86000161818
40.6313768099,0.793347182119
40.6487568091,1.67779678222
40.6703079413,2.12002158227
40.6894918154,3.44669598242
40.7096598814,3.44669598242
40.7274659346,3.44669598242
40.7468639086,3.44669598242
40.7683768938,3.44669598242
40.7949839304,3.44669598242
40.8060708712,3.44669598242
40.8275078009,3.44669598242
40.8473368357,3.44669598242
40.8691058825,3.44669598242
40.8825307558,3.44669598242
40.9013629626,3.44669598242
40.9104729365,3.44669598242
40.9190507601,3.44669598242
40.9393618773,3.44669598242
40.9634128283,3.44669598242
40.9850218962,3.44669598242
41.0056229304,3.44669598242
41.0260098646,3.44669598242
41.0526507567,3.44669598242
41.0810399721,3.44669598242
41.3773828219,4.44826127667
41.3863509367,4.44826127667
41.4049158762,4.44826127667
41.4246018599,4.44826127667
41.442792959,4.44826127667
41.4680879782,4.44826127667
41.4962788294,4.44826127667
41.5169289778,4.44826127667
41.5296848486,4.44826127667
41.5512049864,4.44826127667
41.5785699557,4.44826127667
41.5997467707,3.61654246031
41.6200547884,2.78482364395
41.6337798308,1.9531048276
41.6550107668,1.12138601124
41.6787949274,1.12138601124
41.6999297808,1.12138601124
41.7201739023,1.12138601124
41.7322338293,1.12138601124
41.7573829363,1.12138601124
41.770863838,1.12138601124
41.7881599138,1.12138601124
41.8038418959,1.12138601124
41.8254597853,1.12138601124
41.846070833,1.12138601124
41.8741319845,1.12138601124
42.2075968455,-2.23972918378
42.2328727911,-2.23972918378
42.2582488726,-2.23972918378
42.2730267714,-2.23972918378
42.293917961,-2.23972918378
42.3159988592,-2.23972918378
42.3370528887,-2.23972918378
42.3506859015,-2.23972918378
42.3715198706,-2.23972918378
42.3894458483,-2.23972918378
42.4121838282,-2.23972918378
42.423034973,-2.23972918378
42.4422748755,-2.23972918378
42.4602249335,-2.23972918378
42.4766538809,-2.23972918378
42.5000558565,-2.23972918378
42.5218368242,-2.23972918378
42.5375259588,-2.23972918378
42.588716812,-2.23972918378
42.6193948458,-2.17641489535
42.6487367819,-2.11310060692
42.6810649107,-2.0497863185
42.8438819121,-1.98647203007
42.8604589175,-1.98647203007
42.9140868853,-1.98647203007
42.9336949061,-1.98647203007
42.9600420664,-1.98647203007
42.9842000674,-1.98647203007
43.0049780081,-1.98647203007
43.0248380373,-1.98647203007
43.045928068,-1.98647203007
43.0639079283,-1.98647203007
43.0865920256,-1.98647203007
43.1107800673,-2.14899219267
43.1345029543,-2.31151235527
43.1497710417,-2.47403251787
43.172731943,-2.63655268048
43.193189926,-2.63655268048
43.2179039191,-2.63655268048
43.2575538824,-2.63655268048
43.2777629565,-2.63655268048
43.3185649584,-2.63655268048
43.5246320437,-2.63655268048
43.5353930662,-2.63655268048
43.5594649981,-2.63655268048
43.5744770239,-2.63655268048
43.5970249842,-2.19735963513
43.623116083,-1.75816658979
43.6432219218,-1.31897354444
43.6668868731,-0.879780499096
43.6804080675,-0.879780499096
43.7047069739,-0.879780499096
43.7260409067,-0.879780499096
43.7464450072,-0.879780499096
43.7703209589,-0.879780499096
43.7806149195,-0.879780499096
43.8028209875,-0.879780499096
43.8224728773,-0.879780499096
43.8458569716,-0.879780499096
43.8619929026,-0.879780499096
43.8848159979,-0.879780499096
43.905882902,-0.879780499096
43.9201958845,-0.879780499096
43.9422329138,-0.879780499096
43.9622519682,-0.879780499096
43.982190914,-0.879780499096
43.9995949934,-0.879780499096
44.3124149512,-0.879780499096
44.3237810801,1.26375714327
44.3352850149,1.97826969072
44.3640080164,2.33552596445
44.383678026,3.40729478563
44.4060090254,3.40729478563
44.4145420264,3.40729478563
44.4286928843,3.40729478563
44.4463279913,3.40729478563
44.4666290949,3.40729478563
44.4852350424,3.40729478563
44.5068560313,3.40729478563
44.5292580794,3.40729478563
44.547952957,3.40729478563
44.5774920653,3.40729478563
44.5964549254,2.21202714506
44.6101470659,1.01675950449
44.6328950594,-0.178508136074
44.6559439371,-1.37377577664
44.6850000094,-1.37377577664
44.7036779593,-1.37377577664
44.7495980929,-1.37377577664
44.7744980524,-1.37377577664
44.7901659678,-1.37377577664
44.8088670443,-1.37377577664
45.1084891031,-1.37377577664
45.1193540762,0.617853369922
45.1427889536,1.28172975211
45.1619640063,1.6136679432
45.1921680639,2.60948251649
45.2136409949,2.60948251649
45.2319639395,2.60948251649
45.2548080157,2.60948251649
45.2749911021,2.60948251649
45.314528055,2.60948251649
45.3358970354,2.60948251649
45.3594520758,2.60948251649
45.3951061629,2.60948251649
45.4200690649,2.60948251649
45.4419151209,2.60948251649
45.4663852118,2.60948251649
45.4796150587,2.60948251649
45.5014422797,2.60948251649
45.5219031237,2.60948251649
45.5506211184,2.60948251649
45.5755082034,2.60948251649
45.595194187,2.27854069609
45.8028012179,1.28571523491
45.8190971278,1.28571523491
45.8417132758,1.28571523491
45.8672471903,1.28571523491
45.8800102137,1.28571523491
45.8940471075,1.28571523491
45.929871168,1.28571523491
45.9766002558,1.28571523491
46.0129552744,1.28571523491
46.038628187,1.28571523491
46.0794502161,1.28571523491
46.102478113,1.26068836907
46.1194291972,1.23566150323
46.1367212199,1.21063463738
46.1596141718,1.18560777154
46.1748481654,1.18560777154
46.1838310622,1.18560777154
46.1990621947,1.18560777154
46.2193151377,1.18560777154
46.2426381968,1.18560777154
46.2596991919,1.18560777154
46.2849510573,1.18560777154
46.4644192122,1.18560777154
46.4768422507,1.18560777154
46.4956301115,1.18560777154
46.5197730921,1.18560777154
46.548707094,1.18560777154
46.5819071196,1.18560777154
46.5981622599,0.317899620613
46.618800249,-0.549808530315
46.6448982619,-1.41751668124
46.6716061495,-2.28522483217
46.6924711131,-2.28522483217
46.7012391947,-2.28522483217
46.7151170634,-2.28522483217
46.7479122542,-2.28522483217
46.769659128,-2.28522483217
46.7892681025,-2.28522483217
46.81660017,-2.28522483217
46.8410311602,-2.28522483217
46.8656381033,-2.28522483217
46.8938251399,-2.28522483217
46.9193452261,-2.28522483217
46.9453152083,-2.28522483217
47.1909831427,-2.28522483217
47.2003250979,-2.05861564798
47.2156761549,-1.98307925325
47.2331920527,-1.94531105588
47.2599881552,-1.83200646378
47.2743712328,-1.83200646378
47.2936931513,-1.83200646378
47.30254611,-1.83200646378
47.3117001913,-1.83200646378
47.3212982081,-1.83200646378
47.3306651972,-1.83200646378
47.3413661383,-1.83200646378
47.3655482195,-1.83200646378
47.3754981421,-1.83200646378
47.3840752505,-1.83200646378
47.3950351141,-1.83200646378
47.4039271735,-1.83200646378
47.4127071761,-1.83200646378
47.4218812846,-1.83200646378
47.4522961043,-1.83200646378
47.4724641703,-1.83200646378
47.5105150603,-1.83200646378
47.5404880904,-1.83200646378
47.5762201212,-1.83200646378
47.611548271,-2.02001403949
47.6367240809,-2.20802161519
47.6661601923,-2.3960291909
48.0179661941,-2.5840367666
48.0271372031,-2.5840367666
48.0439902972,-2.5840367666
48.0644051265,-2.5840367666
48.0899442863,-2.5840367666
48.1093711089,-2.4088843625
48.1354231071,-2.23373195839
48.1501061153,-2.05857955429
48.1688672733,-1.88342715018
48.192951126,-1.88342715018
48.2121741008,-1.88342715018
48.2353600692,-1.88342715018
48.2506500911,-1.88342715018
48.2745651435,-1.88342715018
48.2862700652,-1.88342715018
48.3064612579,-1.88342715018
48.3303312492,-1.88342715018
48.3485640716,-1.88342715018
48.3649203014,-1.88342715018
48.3863290977,-1.88342715018
48.4082421493,-1.88342715018
48.4349490833,-1.88342715018
48.4534632396,-1.88342715018
48.4660090636,-1.88342715018
48.4919692706,-1.88342715018
48.5088991355,-1.88342715018
48.8117052745,-1.88342715018
48.821585102,-0.718700610124
48.8388201427,-0.330458430103
48.8616501521,-0.136337340093
48.8820811938,0.446025929937
48.9059862327,0.446025929937
48.9307531547,0.446025929937
48.9542721938,0.446025929937
48.9659971427,0.446025929937
49.0051161479,0.446025929937
49.0466422271,0.446025929937
49.0816761684,0.446025929937
49.1257032584,0.354128413537
49.1454712581,0.262230897137
49.1686121654,0.170333380737
49.1906902026,0.0784358643368
49.2085632514,0.0784358643368
49.2264022063,0.0784358643368
49.250331087,0.0784358643368
49.2719852161,0.0784358643368
49.2932631206,0.0784358643368
49.5052911472,0.0784358643368
49.5178691577,0.0784358643368
49.543114109,0.0784358643368
49.5711831283,0.0784358643368
49.5885380935,0.787961804856
49.6095451545,1.49748774537
49.6659242343,2.20701368589
49.7023340892,2.91653962641
49.718264265,2.91653962641
49.7373902034,2.91653962641
49.7590791415,2.91653962641
49.7763632964,2.91653962641
49.8050722312,2.91653962641
49.8202971648,2.91653962641
49.8457051944,2.91653962641
49.8675572108,2.91653962641
49.8911561202,2.91653962641
49.9185911845,2.91653962641
49.9353052806,2.91653962641
49.9668502044,2.91653962641
49.9900001716,2.91653962641
50.2070652675,2.91653962641
50.2300841045,3.56330952282
50.2453521919,3.77889948829
50.2555922698,3.88669447102
50.2835761737,4.21007941922
50.3080140781,4.21007941922
50.3220462035,4.21007941922
50.3419341277,4.21007941922
50.3631371688,4.21007941922
50.3846382331,4.21007941922
50.4039050769,4.21007941922
50.4306961726,4.21007941922
50.4504391383,4.21007941922
50.4755601119,4.21007941922
50.4942871761,4.21007941922
50.5167502593,4.21007941922
50.5507082175,4.21007941922
50.5701181125,4.21007941922
50.5967892837,4.21007941922
50.6192061137,3.16421450982
50.6382211875,2.11834960041
50.6569561195,1.072484691
50.6841801833,0.0266197815891
50.9675561809,0.0266197815891
50.9761602306,0.0266197815891
50.9875633144,0.0266197815891
51.0094613456,0.0266197815891
51.0342864417,0.0266197815891
51.0559234046,0.0266197815891
51.0709363841,0.0266197815891
51.0992702865,-0.256934348947
51.116072359,-0.540488479484
51.1336292648,-0.82404261002
51.1578623676,-1.10759674056
51.1719264411,-1.10759674056
51.1805743598,-1.10759674056
51.1991912746,-1.10759674056
51.2184163951,-1.10759674056
51.2389144325,-1.10759674056
51.2598144435,-1.10759674056
51.2825052165,-1.10759674056
51.3025593185,-1.10759674056
51.3291763687,-1.10759674056
51.3485583686,-1.10759674056
51.3671612167,-1.10759674056
51.3908113861,-1.10759674056
51.4126624488,-1.10759674056
51.4309443855,-1.10759674056
51.7468575954,-1.10759674056
51.7557956695,-1.22325140695
51.7718226432,-1.26180296241
51.7866105556,-1.28107874014
51.8148715019,-1.33890607333
51.8314134597,-1.33890607333
51.8532006263,-1.33890607333
51.8746635437,-1.33890607333
51.8874136924,-1.33890607333
51.9106435298,-1.33890607333
51.926717472,-1.33890607333
51.9533254623,-1.33890607333
51.9685315609,-1.33890607333
51.9783336639,-1.33890607333
51.9909045219,-1.33890607333
52.01122756,-1.33890607333
52.0317415714,-1.33890607333
52.0560025692,-1.33890607333
52.0871746063,-1.33890607333
52.1092705249,-1.48575927598
52.1323785305,-1.63261247863
52.1621975421,-1.77946568128
52.1805545806,-1.92631888393
52.2051345825,-1.92631888393
52.2374925136,-1.92631888393
52.5485515594,-1.92631888393
52.5729396343,-1.92631888393
52.5921235085,-1.3872725437
52.6108715534,-1.11774937359
52.6358795166,-0.713464618417
52.6576955318,-0.309179863246
52.671236515,-0.309179863246
52.6925106049,-0.309179863246
52.7165675163,-0.309179863246
52.7378365993,-0.309179863246
52.7495186329,-0.309179863246
52.7715845108,-0.309179863246
52.7889385223,-0.309179863246
52.8140006065,-0.309179863246
52.8316936493,-0.309179863246
52.8526175022,-0.309179863246
52.8776316643,-0.309179863246
52.8968815804,-0.309179863246
52.9220476151,-0.309179863246
52.9432384968,-0.309179863246
52.9594926834,-0.309179863246
52.9863436222,-0.309179863246
53.0018997192,-0.309179863246
53.0122206211,-0.309179863246
53.0341696739,-0.309179863246
53.3051695919,-0.309179863246
53.3338446713,0.820667190771
53.3525545693,1.19728287544
53.3754227257,1.38559071778
53.4029746151,1.95051424479
53.4229726887,1.95051424479
53.4486236668,1.95051424479
53.4697496986,1.95051424479
53.4919865227,1.95051424479
53.5139935112,1.95051424479
53.532680521,1.95051424479
53.5626206493,1.95051424479
53.60537652,1.59651483635
53.6281915091,1.2425154279
53.6669335745,0.888516019462
53.686047592,0.53451661102
53.7116365812,0.53451661102
53.7348995588,0.53451661102
53.7608645342,0.53451661102
53.7844815634,0.53451661102
53.9982056997,0.53451661102
54.0074365519,0.53451661102
54.031504669,0.53451661102
54.0513334654,0.53451661102
54.0766556642,0.53451661102
54.1066944979,0.460531773457
54.1268806837,0.386546935895
54.1507366083,0.312562098332
54.1691155813,0.23857726077
54.1921675585,0.23857726077
54.2163954161,0.23857726077
54.2405195616,0.23857726077
54.2658646486,0.23857726077
54.2874155424,0.23857726077
54.3026836298,0.23857726077
54.3223364733,0.23857726077
54.3457475088,0.23857726077
54.367478647,0.23857726077
54.3904385946,0.23857726077
54.4065726183,0.23857726077
54.4225774191,0.23857726077
54.4444516085,0.23857726077
54.472117462,0.23857726077
54.4883005999,0.23857726077
54.7583835504,0.531355849209
54.7817676447,0.531355849209
54.8033824346,0.531355849209
54.826385536,0.531355849209
54.8505266092,0.531355849209
54.8657906435,0.531355849209
54.8873246096,0.531355849209
54.9116034887,0.531355849209
54.9316306494,0.531355849209
54.9599454782,0.531355849209
54.9803564928,0.531355849209
55.0070665262,0.531355849209
55.0514526938,0.531355849209
55.0640376185,0.531355849209
55.0874376867,0.611995032618
55.1165185545,0.692634216027
55.1394546602,0.773273399436
55.1619375322,0.853912582845
55.18574172,0.853912582845
55.2101426695,0.853912582845
55.2260575865,0.853912582845
55.2454956148,0.853912582845
55.4818637751,0.853912582845
55.4966836355,0.853912582845
55.5238128088,0.853912582845
55.5757797144,0.853912582845
55.5962527178,0.832626682165
55.6390507601,0.811340781484
55.6768117331,0.790054880804
55.7309487436,0.768768980123
55.7510917757,0.768768980123
55.773500738,0.768768980123
55.8142867659,0.768768980123
55.8332727526,0.768768980123
55.8496277903,0.768768980123
55.8672166441,0.768768980123
55.8888497923,0.768768980123
55.9193776224,0.768768980123
55.9399397944,0.768768980123
55.963783798,0.768768980123
56.0800127122,0.768768980123
56.0939885709,0.521355748218
56.1172887417,0.273942516313
56.1432997319,0.026529284408
56.1580337617,-0.220883947497
56.1744696232,-0.220883947497
56.198670778,-0.220883947497
56.22074357,-0.220883947497
56.2449747655,-0.220883947497
56.2612105939,-0.220883947497
56.2813116643,-0.220883947497
56.3022085759,-0.220883947497
56.328093681,-0.220883947497
56.3532206151,-0.220883947497
56.3726226422,-0.220883947497
56.3921157452,-0.220883947497
56.4173115822,-0.220883947497
56.438279781,-0.220883947497
56.4511627289,-0.220883947497
56.4734717938,-0.220883947497
56.4991687867,-0.220883947497
56.5262645814,-0.220883947497
56.5408007237,-0.220883947497
56.5593625638,-0.220883947497
56.8396545979,-0.220883947497
56.8487197491,-0.182934829622
56.8712257477,-0.170285123664
56.8980807397,-0.163960270685
56.9329985711,-0.144985711747
56.9611116978,-0.144985711747
56.9852477643,-0.144985711747
57.0130757424,-0.144985711747
57.0434197518,-0.144985711747
57.0721677872,-0.144985711747
57.093538675,0.0986071385464
57.1282576653,0.34219998884
57.1655606362,0.585792839133
57.1893467042,0.829385689427
57.2199896905,0.829385689427
57.2518786523,0.829385689427
57.2786907288,0.829385689427
57.3046886059,0.829385689427
57.3251527878,0.829385689427
57.5777067088,0.829385689427
57.5938116454,0.273113935719
57.6026305102,0.0876900178162
57.615821495,-0.00502194113517
57.650624647,-0.283157817989
57.6782456778,-0.283157817989
57.7103866481,-0.283157817989
57.7384096526,-0.283157817989
57.7762855433,-0.283157817989
57.8184625052,-0.283157817989
57.8408385657,-0.283157817989
57.8958145522,-0.283157817989
57.9299396419,-0.283157817989
57.9493876838,-0.283157817989
57.9591926478,-0.283157817989
58.000333681,-0.283157817989
58.035879507,-0.283157817989
58.1709816454,-0.283157817989
58.181427717,-0.0326182580343
58.2016496656,0.0508949286174
58.2128996847,0.0926515219432
58.2354876993,0.217921301921
58.257378578,0.217921301921
58.2760045526,0.217921301921
58.2962026594,0.217921301921
58.3189315794,0.217921301921
58.3303725717,0.217921301921
58.3389635084,0.217921301921
58.3594646452,0.217921301921
58.372580528,0.217921301921
58.3946135042,0.217921301921
58.4209065435,0.217921301921
58.4356346128,0.217921301921
58.4539406297,0.217921301921
58.4771785734,0.217921301921
58.4952967165,0.217921301921
58.521477699,0.217921301921
58.54086256,0.217921301921
58.5743706224,0.217921301921
58.6115326879,0.217921301921
58.6402447221,0.217921301921
58.8665866372,0.217921301921
58.8817417142,0.217921301921
58.9010695932,0.217921301921
58.925290775,0.217921301921
58.9451057431,0.217921301921
58.9751126287,0.217921301921
58.9977786061,0.217921301921
59.0133747575,0.217921301921
59.0299257752,0.217921301921
59.0388466832,0.217921301921
59.0476066587,0.217921301921
59.0561947343,0.217921301921
59.0651986119,0.217921301921
59.0790986535,0.217921301921
59.0878777024,0.121725574444
59.0963997361,0.0255298469669
59.1051706788,-0.0706658805101
59.1185125825,-0.166861607987
59.1270997045,-0.166861607987
59.1361596105,-0.166861607987
59.1452226159,-0.166861607987
59.1539146421,-0.166861607987
59.1636957643,-0.166861607987
59.1859488008,-0.166861607987
59.1948418138,-0.166861607987
59.2037918088,-0.166861607987
59.2124197003,-0.166861607987
59.2214016435,-0.166861607987
59.2301427838,-0.166861607987
59.2391016004,-0.166861607987
59.2480017659,-0.166861607987
59.2566067693,-0.166861607987
59.2654766557,-0.166861607987
59.276794624,-0.166861607987
59.285753679,-0.166861607987
59.2946435926,-0.166861607987
59.3033146379,-0.166861607987
59.3120686528,-0.166861607987
59.3210577485,-0.166861607987
59.3299266812,-0.166861607987
59.3391797063,-0.166861607987
59.3480686662,-0.166861607987
59.3565167901,-0.166861607987
59.9432225511,-0.166861607987
59.9665766046,-0.13230411433
59.9842455671,-0.120784949777
60.0147667215,-0.115025367501
60.0349726961,-0.097746620672
60.0517995642,-0.097746620672
60.0788345621,-0.097746620672
60.0979435728,-0.108675180301
60.1492207334,-0.11960373993
60.1970367716,-0.130532299559
60.2383337305,-0.141460859188
60.2837696359,-0.141460859188
60.3083465383,-0.141460859188
60.3303656862,-0.141460859188
60.3527367399,-0.141460859188
60.3784637735,-0.141460859188
60.3930456922,-0.141460859188
60.4024715708,-0.141460859188
60.4164006994,-0.141460859188
60.5758705423,-0.141460859188
60.6016226099,-0.141460859188
60.6292605684,-0.0502632157019
60.6461105631,-0.00466439395867
60.6548805521,0.0637338386562
60.6692357347,0.132132071271
60.6981487558,0.132132071271
60.721960573,0.132132071271
60.7487147138,0.132132071271
60.7775087641,0.132132071271
60.8065805719,0.132132071271
60.8287077234,0.132132071271
60.8530986593,0.132132071271
60.8747136877,0.132132071271
60.8994896696,0.132132071271
60.9271185682,0.132132071271
60.9520607279,0.132132071271
60.9780686186,0.132132071271
61.0031166361,0.132132071271
61.0293445871,0.132132071271
61.0569837377,0.132132071271
61.3340237425,0.132132071271
61.3431115435,0.519286612837
61.358730583,0.648338126693
61.3814797685,0.71286388362
61.3988776491,0.906441154403
61.4163396643,0.906441154403
61.4370906637,0.906441154403
61.4568336294,0.906441154403
61.4782276438,0.906441154403
61.4984295652,0.906441154403
61.5160816,0.906441154403
61.5374796675,0.906441154403
61.5624876306,0.906441154403
61.5867457674,0.906441154403
61.6112537668,0.539523198956
61.6310217665,0.172605243508
61.6482696817,-0.194312711939
61.6720667169,-0.561230667387
61.7073867605,-0.561230667387
61.7234916971,-0.561230667387
61.7566266344,-0.561230667387
61.7839017198,-0.561230667387
61.8234606073,-0.561230667387
62.0631447122,-0.561230667387
62.0738566206,-0.561230667387
62.0979116247,-0.561230667387
62.1241877363,-0.36246391714
62.1472835825,-0.163697166893
62.1634676741,0.0350695833537
62.1846556948,0.233836333601
62.2098965929,0.233836333601
62.2307167337,0.233836333601
62.2539506243,0.233836333601
62.2803406999,0.233836333601
62.2891335771,0.233836333601
62.2984726713,0.233836333601
62.3215966509,0.233836333601
62.3441527174,0.233836333601
62.3571987436,0.233836333601
62.3777675913,0.233836333601
62.4019546793,0.233836333601
62.4240505979,0.233836333601
62.4473285959,0.233836333601
62.4655106352,0.233836333601
62.4865846918,0.233836333601
62.507507591,0.233836333601
62.5311756418,0.233836333601
62.554461746,0.233836333601
62.8547365949,0.233836333601
62.869866638,0.252172554735
62.9214847372,0.258284628447
62.9405076788,0.261340665303
62.9624836729,0.27050877587
62.9823096083,0.27050877587
63.000620632,0.27050877587
63.0171096609,0.27050877587
63.042429714,0.27050877587
63.0624347017,0.27050877587
63.0911176489,0.27050877587
63.1168346689,0.341077429052
63.1437027738,0.411646082233
63.1677587316,0.482214735415
63.189950733,0.552783388597
63.2147856043,0.552783388597
63.2361595915,0.552783388597
63.2519536302,0.552783388597
63.2725255773,0.552783388597
63.2938297079,0.552783388597
63.3191817091,0.552783388597
63.3434975431,0.552783388597
63.6122126863,0.552783388597
63.6221425817,0.243799613375
63.6397126005,0.140805021635
63.6662855432,0.0893077257645
63.6891897009,-0.0651841618463
63.7100177095,-0.0651841618463
63.7323077009,-0.0651841618463
63.7558505819,-0.0651841618463
63.7750635431,-0.0651841618463
63.7953186319,-0.0651841618463
63.8164427564,-0.0651841618463
63.8386276052,-0.0651841618463
63.8619697378,-0.0651841618463
63.8795147226,-0.0651841618463
63.8977587507,-0.0651841618463
63.9193756864,-0.0651841618463
63.934420614,-0.0651841618463
63.9653365896,-0.0651841618463
63.9950106428,-0.0651841618463
64.0166166113,-0.0651841618463
64.0412636087,-0.0651841618463
64.0816805647,-0.0651841618463
64.3375675771,0.117317263059
64.3469145391,0.117317263059
64.3669486139,0.117317263059
64.3865344618,0.117317263059
64.4093966577,0.117317263059
64.4321434591,0.117317263059
64.4453535173,0.117317263059
64.4696786497,0.117317263059
64.4902696703,0.117317263059
64.514684448,0.117317263059
64.5360176656,0.117317263059
64.550612459,0.117317263059
64.5763905142,0.117317263059
64.6066224668,0.117317263059
64.6398015115,0.181674909725
64.6684856508,0.246032556392
64.6910235975,0.310390203059
64.7118845079,0.374747849726
64.7317924593,0.374747849726
64.7574396227,0.374747849726
64.7805636022,0.374747849726
64.8000125978,0.374747849726
64.8175866697,0.374747849726
65.0648746584,0.374747849726
65.0740625951,0.374747849726
65.0970835779,0.374747849726
65.1336846445,0.250557582255
65.1708686445,0.126367314783
65.2133295629,0.00217704731161
65.2313165758,-0.12201322016
65.2604885194,-0.12201322016
65.2773685548,-0.12201322016
65.3047926519,-0.12201322016
65.3315866087,-0.12201322016
65.3524525259,-0.12201322016
65.3668425176,-0.12201322016
65.3876216505,-0.12201322016
65.408886442,-0.12201322016
65.4256966207,-0.12201322016
65.4502804372,-0.12201322016
65.4696464632,-0.12201322016
65.4815244768,-0.12201322016
65.5039866064,-0.12201322016
65.5255596731,-0.12201322016
65.5503745172,-0.12201322016
65.7347075269,-0.12201322016
